label	family	model	claim_line1	what_to_check	assigned	report
card-down6-any-05	down6	deepseek-v4-flash	RESULT: FLEET PROBE ok	read the report and say whether the claim can be checked at all	Rowan	results/card-down6-any-05/RESULT.md
card-down7-03	down7	qwen/qwen3.7-flash	RESULT: FLEET PROBE ok	read the report and say whether the claim can be checked at all	Rowan	results/card-down7-03/RESULT.md
card-down8-pro-2	down8	deepseek-v4-pro	RESULT: FLEET PROBE ok	read the report and say whether the claim can be checked at all	Rowan	results/card-down8-pro-2/RESULT.md
card-down8-pro-3	down8	deepseek-v4-pro	RESULT: FLEET PROBE ok	read the report and say whether the claim can be checked at all	Rowan	results/card-down8-pro-3/RESULT.md
card-s17c-w6-rust	s17c	qwen/qwen3.7-flash	RESULT: s17c-w6-rust sha=7c29513b0e8f	FIXED TABLES: cell, rebase, python or pre-read claim against the schema PR or branch at base 7c29513b; hostile-bytes rows Johnny, the rest Emma; codegen, matrix or law: Stella.	Johnny	results/card-s17c-w6-rust/RESULT.md
card-s17g-f7-rust	s17g	deepseek/deepseek-v4-flash	RESULT: s17g-f7-rust sha=7c29513b0e8f	FIXED TABLES: cell, rebase, python or pre-read claim against the schema PR or branch at base 7c29513b; hostile-bytes rows Johnny, the rest Emma; codegen, matrix or law: Stella.	Johnny	results/card-s17g-f7-rust/RESULT.md
card-s17g-f8-cs	s17g	qwen/qwen3.7-flash	RESULT: s17g-f8-cs sha=000000000000	FIXED TABLES: cell, rebase, python or pre-read claim against the schema PR or branch at base 7c29513b; hostile-bytes rows Johnny, the rest Emma; codegen, matrix or law: Stella.	Johnny	results/card-s17g-f8-cs/RESULT.md
card-s17g-f9-go	s17g	deepseek/deepseek-v4-flash	RESULT: s17g-f9-go sha=7c29513b0e8f	FIXED TABLES: cell, rebase, python or pre-read claim against the schema PR or branch at base 7c29513b; hostile-bytes rows Johnny, the rest Emma; codegen, matrix or law: Stella.	Johnny	results/card-s17g-f9-go/RESULT.md
card-s17mr-1059	s17mr	deepseek/deepseek-v4-flash	RESULT: s17mr-1059 sha=UNKNOWNABLE	FIXED TABLES: cell, rebase, python or pre-read claim against the schema PR or branch at base 7c29513b; hostile-bytes rows Johnny, the rest Emma; codegen, matrix or law: Stella.	Johnny	results/card-s17mr-1059/RESULT.md
card-s17mr-1072	s17mr	deepseek-v4-flash	RESULT: s17mr-1072 sha=7c29513b0e8f	FIXED TABLES: cell, rebase, python or pre-read claim against the schema PR or branch at base 7c29513b; hostile-bytes rows Johnny, the rest Emma; codegen, matrix or law: Stella.	Johnny	results/card-s17mr-1072/RESULT.md
card-s17mr-1076	s17mr	deepseek/deepseek-v4-flash	RESULT: s17mr-1076 sha=<no base tree>	FIXED TABLES: cell, rebase, python or pre-read claim against the schema PR or branch at base 7c29513b; hostile-bytes rows Johnny, the rest Emma; codegen, matrix or law: Stella.	Johnny	results/card-s17mr-1076/RESULT.md
card-s17mr-1078	s17mr	deepseek/deepseek-v4-flash	RESULT: s17mr-1078 sha=n/a	FIXED TABLES: cell, rebase, python or pre-read claim against the schema PR or branch at base 7c29513b; hostile-bytes rows Johnny, the rest Emma; codegen, matrix or law: Stella.	Johnny	results/card-s17mr-1078/RESULT.md
card-s17mr-1083	s17mr	-	RESULT: BLOCKED card-s17mr-1083	FIXED TABLES: cell, rebase, python or pre-read claim against the schema PR or branch at base 7c29513b; hostile-bytes rows Johnny, the rest Emma; codegen, matrix or law: Stella.	Johnny	results/card-s17mr-1083/RESULT.md
card-s17mr-1086	s17mr	-	RESULT: BLOCKED card-s17mr-1086	FIXED TABLES: cell, rebase, python or pre-read claim against the schema PR or branch at base 7c29513b; hostile-bytes rows Johnny, the rest Emma; codegen, matrix or law: Stella.	Johnny	results/card-s17mr-1086/RESULT.md
card-s17mr-1087	s17mr	deepseek-v4-flash	RESULT: s17mr-1087 sha=7c29513b0e8f	FIXED TABLES: cell, rebase, python or pre-read claim against the schema PR or branch at base 7c29513b; hostile-bytes rows Johnny, the rest Emma; codegen, matrix or law: Stella.	Johnny	results/card-s17mr-1087/RESULT.md
card-s17mr-836	s17mr	-	RESULT: BLOCKED card-s17mr-836	FIXED TABLES: cell, rebase, python or pre-read claim against the schema PR or branch at base 7c29513b; hostile-bytes rows Johnny, the rest Emma; codegen, matrix or law: Stella.	Johnny	results/card-s17mr-836/RESULT.md
card-s17mr2-1024	s17mr2	deepseek/deepseek-v4-flash	RESULT: s17mr2-1024 sha=<cannot read>	FIXED TABLES: cell, rebase, python or pre-read claim against the schema PR or branch at base 7c29513b; hostile-bytes rows Johnny, the rest Emma; codegen, matrix or law: Stella.	Johnny	results/card-s17mr2-1024/RESULT.md
card-s17mr2-1036	s17mr2	-	RESULT: BLOCKED card-s17mr2-1036	FIXED TABLES: cell, rebase, python or pre-read claim against the schema PR or branch at base 7c29513b; hostile-bytes rows Johnny, the rest Emma; codegen, matrix or law: Stella.	Johnny	results/card-s17mr2-1036/RESULT.md
card-s17mr2-1037	s17mr2	qwen/qwen3.7-flash	RESULT: s17mr2-1037 sha=CANNOT READ	FIXED TABLES: cell, rebase, python or pre-read claim against the schema PR or branch at base 7c29513b; hostile-bytes rows Johnny, the rest Emma; codegen, matrix or law: Stella.	Johnny	results/card-s17mr2-1037/RESULT.md
card-s17mr2-1038	s17mr2	deepseek/deepseek-v4-flash	RESULT: s17mr2-1038 sha=7c29513b0e8f	FIXED TABLES: cell, rebase, python or pre-read claim against the schema PR or branch at base 7c29513b; hostile-bytes rows Johnny, the rest Emma; codegen, matrix or law: Stella.	Johnny	results/card-s17mr2-1038/RESULT.md
card-s17mr2-1039	s17mr2	qwen/qwen3.7-flash	RESULT: s17mr2-1039 sha=none	FIXED TABLES: cell, rebase, python or pre-read claim against the schema PR or branch at base 7c29513b; hostile-bytes rows Johnny, the rest Emma; codegen, matrix or law: Stella.	Johnny	results/card-s17mr2-1039/RESULT.md
card-s17mr2-1048	s17mr2	deepseek/deepseek-v4-flash	RESULT: s17mr2-1048 sha=<unreachable>	FIXED TABLES: cell, rebase, python or pre-read claim against the schema PR or branch at base 7c29513b; hostile-bytes rows Johnny, the rest Emma; codegen, matrix or law: Stella.	Johnny	results/card-s17mr2-1048/RESULT.md
card-s17mr2-1055	s17mr2	deepseek/deepseek-v4-flash	RESULT: s17mr2-1055 sha=7c29513b0e8f	FIXED TABLES: cell, rebase, python or pre-read claim against the schema PR or branch at base 7c29513b; hostile-bytes rows Johnny, the rest Emma; codegen, matrix or law: Stella.	Johnny	results/card-s17mr2-1055/RESULT.md
card-s17mr2-1064	s17mr2	-	RESULT: BLOCKED card-s17mr2-1064	FIXED TABLES: cell, rebase, python or pre-read claim against the schema PR or branch at base 7c29513b; hostile-bytes rows Johnny, the rest Emma; codegen, matrix or law: Stella.	Johnny	results/card-s17mr2-1064/RESULT.md
card-s17mr2-1069	s17mr2	-	RESULT: BLOCKED card-s17mr2-1069	FIXED TABLES: cell, rebase, python or pre-read claim against the schema PR or branch at base 7c29513b; hostile-bytes rows Johnny, the rest Emma; codegen, matrix or law: Stella.	Johnny	results/card-s17mr2-1069/RESULT.md
card-s17mr2-1072	s17mr2	qwen/qwen3.7-flash	RESULT: s17mr2-1072 sha=CANNOT_READ	FIXED TABLES: cell, rebase, python or pre-read claim against the schema PR or branch at base 7c29513b; hostile-bytes rows Johnny, the rest Emma; codegen, matrix or law: Stella.	Johnny	results/card-s17mr2-1072/RESULT.md
card-s17mr2-1101	s17mr2	-	RESULT: BLOCKED card-s17mr2-1101	FIXED TABLES: cell, rebase, python or pre-read claim against the schema PR or branch at base 7c29513b; hostile-bytes rows Johnny, the rest Emma; codegen, matrix or law: Stella.	Johnny	results/card-s17mr2-1101/RESULT.md
card-s17mr2-1102	s17mr2	deepseek/deepseek-v4-flash	RESULT: s17mr2-1102 sha=7c29513b0e8f	FIXED TABLES: cell, rebase, python or pre-read claim against the schema PR or branch at base 7c29513b; hostile-bytes rows Johnny, the rest Emma; codegen, matrix or law: Stella.	Johnny	results/card-s17mr2-1102/RESULT.md
card-s17mr2-1315	s17mr2	-	RESULT: BLOCKED card-s17mr2-1315	FIXED TABLES: cell, rebase, python or pre-read claim against the schema PR or branch at base 7c29513b; hostile-bytes rows Johnny, the rest Emma; codegen, matrix or law: Stella.	Johnny	results/card-s17mr2-1315/RESULT.md
card-s17pr-1335	s17pr	-	RESULT: BLOCKED card-s17pr-1335	FIXED TABLES: cell, rebase, python or pre-read claim against the schema PR or branch at base 7c29513b; hostile-bytes rows Johnny, the rest Emma; codegen, matrix or law: Stella.	Johnny	results/card-s17pr-1335/RESULT.md
card-s17pr-1337	s17pr	-	RESULT: BLOCKED card-s17pr-1337	FIXED TABLES: cell, rebase, python or pre-read claim against the schema PR or branch at base 7c29513b; hostile-bytes rows Johnny, the rest Emma; codegen, matrix or law: Stella.	Johnny	results/card-s17pr-1337/RESULT.md
card-s17pr2-1330	s17pr2	deepseek/deepseek-v4-flash	RESULT: s17pr2-1330 sha=7c29513b0e8f	FIXED TABLES: cell, rebase, python or pre-read claim against the schema PR or branch at base 7c29513b; hostile-bytes rows Johnny, the rest Emma; codegen, matrix or law: Stella.	Johnny	results/card-s17pr2-1330/RESULT.md
card-s17pr2-1332	s17pr2	qwen/qwen3.7-flash	RESULT: s17pr2-1332 sha=CANNOT VERIFY	FIXED TABLES: cell, rebase, python or pre-read claim against the schema PR or branch at base 7c29513b; hostile-bytes rows Johnny, the rest Emma; codegen, matrix or law: Stella.	Johnny	results/card-s17pr2-1332/RESULT.md
card-s17pr2-1333	s17pr2	deepseek/deepseek-v4-flash	RESULT: s17pr2-1333 sha=<unavailable>	FIXED TABLES: cell, rebase, python or pre-read claim against the schema PR or branch at base 7c29513b; hostile-bytes rows Johnny, the rest Emma; codegen, matrix or law: Stella.	Johnny	results/card-s17pr2-1333/RESULT.md
card-s17pr2-1336	s17pr2	deepseek-v4-flash	RESULT: s17pr2-1336 sha=7c29513b0e8f	FIXED TABLES: cell, rebase, python or pre-read claim against the schema PR or branch at base 7c29513b; hostile-bytes rows Johnny, the rest Emma; codegen, matrix or law: Stella.	Johnny	results/card-s17pr2-1336/RESULT.md
card-s17pr2-1337	s17pr2	qwen/qwen3.7-flash	RESULT: s17pr2-1337 sha=7c29513b0e8f42f457189d1bec23e1de475d4ed8	FIXED TABLES: cell, rebase, python or pre-read claim against the schema PR or branch at base 7c29513b; hostile-bytes rows Johnny, the rest Emma; codegen, matrix or law: Stella.	Johnny	results/card-s17pr2-1337/RESULT.md
card-s17pr2-1355	s17pr2	qwen/qwen3.7-flash	RESULT: s17pr2-1355 sha=CANNOT READ	FIXED TABLES: cell, rebase, python or pre-read claim against the schema PR or branch at base 7c29513b; hostile-bytes rows Johnny, the rest Emma; codegen, matrix or law: Stella.	Johnny	results/card-s17pr2-1355/RESULT.md
card-s17pr2-1356	s17pr2	deepseek/deepseek-v4-flash	RESULT: s17pr2-1356 sha=unreachable	FIXED TABLES: cell, rebase, python or pre-read claim against the schema PR or branch at base 7c29513b; hostile-bytes rows Johnny, the rest Emma; codegen, matrix or law: Stella.	Johnny	results/card-s17pr2-1356/RESULT.md
card-s17pr2-1357	s17pr2	qwen/qwen3.7-flash	RESULT: s17pr2-1357 sha=7c29513b0e8f42f457189d1bec23e1de475d4ed8	FIXED TABLES: cell, rebase, python or pre-read claim against the schema PR or branch at base 7c29513b; hostile-bytes rows Johnny, the rest Emma; codegen, matrix or law: Stella.	Johnny	results/card-s17pr2-1357/RESULT.md
card-s17pr2-1370	s17pr2	deepseek/deepseek-v4-flash	RESULT: s17pr2-1370 sha=<unreachable>	FIXED TABLES: cell, rebase, python or pre-read claim against the schema PR or branch at base 7c29513b; hostile-bytes rows Johnny, the rest Emma; codegen, matrix or law: Stella.	Johnny	results/card-s17pr2-1370/RESULT.md
card-s17pr2-1371	s17pr2	-	RESULT: BLOCKED card-s17pr2-1371	FIXED TABLES: cell, rebase, python or pre-read claim against the schema PR or branch at base 7c29513b; hostile-bytes rows Johnny, the rest Emma; codegen, matrix or law: Stella.	Johnny	results/card-s17pr2-1371/RESULT.md
card-s17pr2-1372	s17pr2	qwen/qwen3.7-flash	RESULT: s17pr2-1372 sha=CANNOT_READ	FIXED TABLES: cell, rebase, python or pre-read claim against the schema PR or branch at base 7c29513b; hostile-bytes rows Johnny, the rest Emma; codegen, matrix or law: Stella.	Johnny	results/card-s17pr2-1372/RESULT.md
card-s17pr2-1373	s17pr2	deepseek-v4-flash	RESULT: s17pr2-1373 sha=7c29513b0e8f	FIXED TABLES: cell, rebase, python or pre-read claim against the schema PR or branch at base 7c29513b; hostile-bytes rows Johnny, the rest Emma; codegen, matrix or law: Stella.	Johnny	results/card-s17pr2-1373/RESULT.md
card-s17pr2-948	s17pr2	deepseek/deepseek-v4-flash	RESULT: s17pr2-948 sha=7c29513b0e8f	FIXED TABLES: cell, rebase, python or pre-read claim against the schema PR or branch at base 7c29513b; hostile-bytes rows Johnny, the rest Emma; codegen, matrix or law: Stella.	Johnny	results/card-s17pr2-948/RESULT.md
card-s17pr2-962	s17pr2	-	RESULT: BLOCKED card-s17pr2-962	FIXED TABLES: cell, rebase, python or pre-read claim against the schema PR or branch at base 7c29513b; hostile-bytes rows Johnny, the rest Emma; codegen, matrix or law: Stella.	Johnny	results/card-s17pr2-962/RESULT.md
card-s17pr2-968	s17pr2	deepseek-v4-flash	RESULT: s17pr2-968 sha=7c29513b0e8f	FIXED TABLES: cell, rebase, python or pre-read claim against the schema PR or branch at base 7c29513b; hostile-bytes rows Johnny, the rest Emma; codegen, matrix or law: Stella.	Johnny	results/card-s17pr2-968/RESULT.md
card-s17pr2-969	s17pr2	-	RESULT: BLOCKED card-s17pr2-969	FIXED TABLES: cell, rebase, python or pre-read claim against the schema PR or branch at base 7c29513b; hostile-bytes rows Johnny, the rest Emma; codegen, matrix or law: Stella.	Johnny	results/card-s17pr2-969/RESULT.md
card-s17pr2-973	s17pr2	deepseek/deepseek-v4-flash	RESULT: s17pr2-973 sha=7c29513b0e8f	FIXED TABLES: cell, rebase, python or pre-read claim against the schema PR or branch at base 7c29513b; hostile-bytes rows Johnny, the rest Emma; codegen, matrix or law: Stella.	Johnny	results/card-s17pr2-973/RESULT.md
card-s17pr2-981	s17pr2	-	RESULT: BLOCKED card-s17pr2-981	FIXED TABLES: cell, rebase, python or pre-read claim against the schema PR or branch at base 7c29513b; hostile-bytes rows Johnny, the rest Emma; codegen, matrix or law: Stella.	Johnny	results/card-s17pr2-981/RESULT.md
card-s17pyf-c12	s17pyf	qwen/qwen3.7-flash	RESULT: s17pyf-c12 sha=7c29513b0e8f	FIXED TABLES: cell, rebase, python or pre-read claim against the schema PR or branch at base 7c29513b; hostile-bytes rows Johnny, the rest Emma; codegen, matrix or law: Stella.	Johnny	results/card-s17pyf-c12/RESULT.md
card-s17pyf-c13	s17pyf	deepseek-v4-flash	RESULT: s17pyf-c13 sha=7c29513b0e8f	FIXED TABLES: cell, rebase, python or pre-read claim against the schema PR or branch at base 7c29513b; hostile-bytes rows Johnny, the rest Emma; codegen, matrix or law: Stella.	Johnny	results/card-s17pyf-c13/RESULT.md
card-s17pyf-c5	s17pyf	qwen/qwen3.7-flash	RESULT: s17pyf-c5 sha=7c29513b0e8f42f457189d1bec23e1de475d4ed8	FIXED TABLES: cell, rebase, python or pre-read claim against the schema PR or branch at base 7c29513b; hostile-bytes rows Johnny, the rest Emma; codegen, matrix or law: Stella.	Johnny	results/card-s17pyf-c5/RESULT.md
card-s17pyf-c7	s17pyf	deepseek-v4-flash	RESULT: s17pyf-c7 sha=7c29513b0e8f	FIXED TABLES: cell, rebase, python or pre-read claim against the schema PR or branch at base 7c29513b; hostile-bytes rows Johnny, the rest Emma; codegen, matrix or law: Stella.	Johnny	results/card-s17pyf-c7/RESULT.md
card-s17pyf-c8	s17pyf	deepseek-v4-flash	RESULT: s17pyf-c8 sha=7c29513b0e8f	FIXED TABLES: cell, rebase, python or pre-read claim against the schema PR or branch at base 7c29513b; hostile-bytes rows Johnny, the rest Emma; codegen, matrix or law: Stella.	Johnny	results/card-s17pyf-c8/RESULT.md
card-s17pyf-c9	s17pyf	deepseek/deepseek-v4-flash	RESULT: s17pyf-c9 sha=<no sha - no commits>	FIXED TABLES: cell, rebase, python or pre-read claim against the schema PR or branch at base 7c29513b; hostile-bytes rows Johnny, the rest Emma; codegen, matrix or law: Stella.	Johnny	results/card-s17pyf-c9/RESULT.md
card-s17pyf-e3	s17pyf	deepseek-v4-flash	RESULT: s17pyf-e3 sha=7c29513b0e8f	FIXED TABLES: cell, rebase, python or pre-read claim against the schema PR or branch at base 7c29513b; hostile-bytes rows Johnny, the rest Emma; codegen, matrix or law: Stella.	Johnny	results/card-s17pyf-e3/RESULT.md
card-s17pyf-e4	s17pyf	qwen/qwen3.7-flash	# RESULT: s17pyf-e4 sha=7c29513b0e8f	FIXED TABLES: cell, rebase, python or pre-read claim against the schema PR or branch at base 7c29513b; hostile-bytes rows Johnny, the rest Emma; codegen, matrix or law: Stella.	Johnny	results/card-s17pyf-e4/RESULT.md
card-s17pyf-f10	s17pyf	deepseek-v4-flash	RESULT: s17pyf-f10 sha=7c29513b0e8f	FIXED TABLES: cell, rebase, python or pre-read claim against the schema PR or branch at base 7c29513b; hostile-bytes rows Johnny, the rest Emma; codegen, matrix or law: Stella.	Johnny	results/card-s17pyf-f10/RESULT.md
card-s17pyf-f11	s17pyf	deepseek/deepseek-v4-flash	RESULT: s17pyf-f11 sha=7c29513b0e8f	FIXED TABLES: cell, rebase, python or pre-read claim against the schema PR or branch at base 7c29513b; hostile-bytes rows Johnny, the rest Emma; codegen, matrix or law: Stella.	Johnny	results/card-s17pyf-f11/RESULT.md
card-s17pyf-f3	s17pyf	qwen/qwen3.7-flash	RESULT: s17pyf-f3 sha=7c29513b	FIXED TABLES: cell, rebase, python or pre-read claim against the schema PR or branch at base 7c29513b; hostile-bytes rows Johnny, the rest Emma; codegen, matrix or law: Stella.	Johnny	results/card-s17pyf-f3/RESULT.md
card-s17pyf-f4	s17pyf	deepseek/deepseek-v4-flash	RESULT: s17pyf-f4 sha=<no-commit>	FIXED TABLES: cell, rebase, python or pre-read claim against the schema PR or branch at base 7c29513b; hostile-bytes rows Johnny, the rest Emma; codegen, matrix or law: Stella.	Johnny	results/card-s17pyf-f4/RESULT.md
card-s17pyf-f5	s17pyf	deepseek/deepseek-v4-flash	RESULT: s17pyf-f5 sha=no-commits	FIXED TABLES: cell, rebase, python or pre-read claim against the schema PR or branch at base 7c29513b; hostile-bytes rows Johnny, the rest Emma; codegen, matrix or law: Stella.	Johnny	results/card-s17pyf-f5/RESULT.md
card-s17pyf-f6	s17pyf	qwen/qwen3.7-flash	RESULT: s17pyf-f6 sha=7c29513b0e8f	FIXED TABLES: cell, rebase, python or pre-read claim against the schema PR or branch at base 7c29513b; hostile-bytes rows Johnny, the rest Emma; codegen, matrix or law: Stella.	Johnny	results/card-s17pyf-f6/RESULT.md
card-s17pyf-f8	s17pyf	-	RESULT: BLOCKED card-s17pyf-f8	FIXED TABLES: cell, rebase, python or pre-read claim against the schema PR or branch at base 7c29513b; hostile-bytes rows Johnny, the rest Emma; codegen, matrix or law: Stella.	Johnny	results/card-s17pyf-f8/RESULT.md
card-s17pyf-p4	s17pyf	-	RESULT: BLOCKED card-s17pyf-p4	FIXED TABLES: cell, rebase, python or pre-read claim against the schema PR or branch at base 7c29513b; hostile-bytes rows Johnny, the rest Emma; codegen, matrix or law: Stella.	Johnny	results/card-s17pyf-p4/RESULT.md
card-s17pyf-w1	s17pyf	deepseek-v4-flash	RESULT: s17pyf-w1 sha=7c29513b0e8f	FIXED TABLES: cell, rebase, python or pre-read claim against the schema PR or branch at base 7c29513b; hostile-bytes rows Johnny, the rest Emma; codegen, matrix or law: Stella.	Johnny	results/card-s17pyf-w1/RESULT.md
card-s17pyf-w10	s17pyf	-	RESULT: BLOCKED card-s17pyf-w10	FIXED TABLES: cell, rebase, python or pre-read claim against the schema PR or branch at base 7c29513b; hostile-bytes rows Johnny, the rest Emma; codegen, matrix or law: Stella.	Johnny	results/card-s17pyf-w10/RESULT.md
card-s17pyf-w11	s17pyf	-	RESULT: BLOCKED card-s17pyf-w11	FIXED TABLES: cell, rebase, python or pre-read claim against the schema PR or branch at base 7c29513b; hostile-bytes rows Johnny, the rest Emma; codegen, matrix or law: Stella.	Johnny	results/card-s17pyf-w11/RESULT.md
card-s17pyf-w14	s17pyf	deepseek-v4-flash	RESULT: s17pyf-w14 sha=7c29513b0e8f	FIXED TABLES: cell, rebase, python or pre-read claim against the schema PR or branch at base 7c29513b; hostile-bytes rows Johnny, the rest Emma; codegen, matrix or law: Stella.	Johnny	results/card-s17pyf-w14/RESULT.md
card-s17pyw-c10	s17pyw	qwen/qwen3.7-flash	RESULT: s17pyw-c10 sha=7c29513b (expected from card; could not verify — bundle missing)	FIXED TABLES: cell, rebase, python or pre-read claim against the schema PR or branch at base 7c29513b; hostile-bytes rows Johnny, the rest Emma; codegen, matrix or law: Stella.	Johnny	results/card-s17pyw-c10/RESULT.md
card-s17pyw-c11	s17pyw	-	RESULT: BLOCKED card-s17pyw-c11	FIXED TABLES: cell, rebase, python or pre-read claim against the schema PR or branch at base 7c29513b; hostile-bytes rows Johnny, the rest Emma; codegen, matrix or law: Stella.	Johnny	results/card-s17pyw-c11/RESULT.md
card-s17pyw-c5	s17pyw	deepseek/deepseek-v4-flash	RESULT: s17pyw-c5 sha=NO-COMMITS	FIXED TABLES: cell, rebase, python or pre-read claim against the schema PR or branch at base 7c29513b; hostile-bytes rows Johnny, the rest Emma; codegen, matrix or law: Stella.	Johnny	results/card-s17pyw-c5/RESULT.md
card-s17pyw-c7	s17pyw	-	RESULT: BLOCKED card-s17pyw-c7	FIXED TABLES: cell, rebase, python or pre-read claim against the schema PR or branch at base 7c29513b; hostile-bytes rows Johnny, the rest Emma; codegen, matrix or law: Stella.	Johnny	results/card-s17pyw-c7/RESULT.md
card-s17pyw-c9	s17pyw	qwen/qwen3.7-flash	RESULT: s17pyw-c9 sha=7c29513b0e8f	FIXED TABLES: cell, rebase, python or pre-read claim against the schema PR or branch at base 7c29513b; hostile-bytes rows Johnny, the rest Emma; codegen, matrix or law: Stella.	Johnny	results/card-s17pyw-c9/RESULT.md
card-s17pyw-e5	s17pyw	deepseek/deepseek-v4-flash	RESULT: s17pyw-e5 sha=<no-commits>	FIXED TABLES: cell, rebase, python or pre-read claim against the schema PR or branch at base 7c29513b; hostile-bytes rows Johnny, the rest Emma; codegen, matrix or law: Stella.	Johnny	results/card-s17pyw-e5/RESULT.md
card-s17pyw-e7	s17pyw	qwen/qwen3.7-flash	RESULT: s17pyw-e7 sha=blocked	FIXED TABLES: cell, rebase, python or pre-read claim against the schema PR or branch at base 7c29513b; hostile-bytes rows Johnny, the rest Emma; codegen, matrix or law: Stella.	Johnny	results/card-s17pyw-e7/RESULT.md
card-s17pyw-e9	s17pyw	deepseek-v4-flash	RESULT: s17pyw-e9 sha=7c29513b0e8f	FIXED TABLES: cell, rebase, python or pre-read claim against the schema PR or branch at base 7c29513b; hostile-bytes rows Johnny, the rest Emma; codegen, matrix or law: Stella.	Johnny	results/card-s17pyw-e9/RESULT.md
card-s17pyw-f1	s17pyw	deepseek/deepseek-v4-flash	RESULT: s17pyw-f1 sha=???	FIXED TABLES: cell, rebase, python or pre-read claim against the schema PR or branch at base 7c29513b; hostile-bytes rows Johnny, the rest Emma; codegen, matrix or law: Stella.	Johnny	results/card-s17pyw-f1/RESULT.md
card-s17pyw-w13	s17pyw	deepseek/deepseek-v4-flash	RESULT: s17pyw-w13 sha=UNREACHABLE	FIXED TABLES: cell, rebase, python or pre-read claim against the schema PR or branch at base 7c29513b; hostile-bytes rows Johnny, the rest Emma; codegen, matrix or law: Stella.	Johnny	results/card-s17pyw-w13/RESULT.md
card-s17pyw-w15	s17pyw	qwen/qwen3.7-flash	RESULT: s17pyw-w15 sha=7c29513b	FIXED TABLES: cell, rebase, python or pre-read claim against the schema PR or branch at base 7c29513b; hostile-bytes rows Johnny, the rest Emma; codegen, matrix or law: Stella.	Johnny	results/card-s17pyw-w15/RESULT.md
card-s17pyw-w16	s17pyw	deepseek-v4-flash	RESULT: s17pyw-w16 sha=NO-HEAD	FIXED TABLES: cell, rebase, python or pre-read claim against the schema PR or branch at base 7c29513b; hostile-bytes rows Johnny, the rest Emma; codegen, matrix or law: Stella.	Johnny	results/card-s17pyw-w16/RESULT.md
card-s17rb-961	s17rb	qwen/qwen3.7-flash	# RESULT: s17rb-961 sha=N/A	FIXED TABLES: cell, rebase, python or pre-read claim against the schema PR or branch at base 7c29513b; hostile-bytes rows Johnny, the rest Emma; codegen, matrix or law: Stella.	Johnny	results/card-s17rb-961/RESULT.md
card-s17rb-968	s17rb	deepseek-v4-flash	RESULT: s17rb-968 sha=7c29513b0e8f	FIXED TABLES: cell, rebase, python or pre-read claim against the schema PR or branch at base 7c29513b; hostile-bytes rows Johnny, the rest Emma; codegen, matrix or law: Stella.	Johnny	results/card-s17rb-968/RESULT.md
card-s17rb-969	s17rb	deepseek-v4-flash	RESULT: s17rb-969 sha=7c29513b0e8f	FIXED TABLES: cell, rebase, python or pre-read claim against the schema PR or branch at base 7c29513b; hostile-bytes rows Johnny, the rest Emma; codegen, matrix or law: Stella.	Johnny	results/card-s17rb-969/RESULT.md
card-s17rb-971	s17rb	deepseek-v4-flash	RESULT: s17rb-971 sha=7c29513b0e8f	FIXED TABLES: cell, rebase, python or pre-read claim against the schema PR or branch at base 7c29513b; hostile-bytes rows Johnny, the rest Emma; codegen, matrix or law: Stella.	Johnny	results/card-s17rb-971/RESULT.md
card-s17rb-972	s17rb	qwen/qwen3.7-flash	RESULT: s17rb-972 sha=7c29513b0e8f42f457189d1bec23e1de475d4ed8	FIXED TABLES: cell, rebase, python or pre-read claim against the schema PR or branch at base 7c29513b; hostile-bytes rows Johnny, the rest Emma; codegen, matrix or law: Stella.	Johnny	results/card-s17rb-972/RESULT.md
card-spec-release-r2	spec	deepseek-v4-flash	"RESULT spec-release-r2 sha=5298f6be12ea — SPEC-RELEASE.md has no ""Tests this spec demands"" section. Read the spec, say which demanded behaviours the tree alread"	SPEC reading: check three PRESENT and three ABSENT claims against the tree.	Stella	results/card-spec-release-r2/RESULT.md
card-spec-work-c-r2	spec	deepseek/deepseek-v4-flash	"RESULT spec-work-c-r2 sha=5298f6be12ea — SPEC-WORK.md has no ""Tests this spec demands"" section. Read the spec, say which demanded behaviours the tree already te"	SPEC reading: check three PRESENT and three ABSENT claims against the tree.	Stella	results/card-spec-work-c-r2/RESULT.md
card-spec-work-d-r2	spec	deepseek/deepseek-v4-flash	"RESULT spec-work-d-r2 sha=5298f6be12ea — SPEC-WORK.md has no ""Tests this spec demands"" section. Read the spec, say which demanded behaviours the tree already te"	SPEC reading: check three PRESENT and three ABSENT claims against the tree.	Stella	results/card-spec-work-d-r2/RESULT.md
card-spec-work-g	spec	deepseek-v4-flash	"RESULT spec-work-g sha=5298f6be12ea — SPEC-WORK.md has no ""Tests this spec demands"" section. Read the spec, say which demanded behaviours the tree already tests"	SPEC reading: check three PRESENT and three ABSENT claims against the tree.	Stella	results/card-spec-work-g/RESULT.md
card-tools22-dog-nova-board-first-run-r13	tools22-dog	qwen/qwen3.7-flash	RESULT tools22-dog-nova-board-first-run-r13 sha=5298f6be12ea	DOGFOOD: run the documented example yourself on a bench (installed 12119912) and compare with CLEAN/DRIFT/ABSTAIN; an ABSTAIN must name a real reason.	Johnny	results/card-tools22-dog-nova-board-first-run-r13/RESULT.md
card-tools22-dog-nova-board-first-run-r14	tools22-dog	deepseek/deepseek-v4-flash	RESULT tools22-dog-nova-board-first-run-r14 sha=5298f6be12ea — read `nova-board First run` against docs/CLI.md:2586-2643 and say CLEAN or DRIFT	DOGFOOD: run the documented example yourself on a bench (installed 12119912) and compare with CLEAN/DRIFT/ABSTAIN; an ABSTAIN must name a real reason.	Johnny	results/card-tools22-dog-nova-board-first-run-r14/RESULT.md
card-tools22-dog-nova-board-first-run-r15	tools22-dog	qwen/qwen3.7-flash	RESULT tools22-dog-nova-board-first-run-r15 sha=5298f6be12ea — read `nova-board First run` against docs/CLI.md:2586-2643 and say CLEAN or DRIFT	DOGFOOD: run the documented example yourself on a bench (installed 12119912) and compare with CLEAN/DRIFT/ABSTAIN; an ABSTAIN must name a real reason.	Johnny	results/card-tools22-dog-nova-board-first-run-r15/RESULT.md
card-tools22-dog-nova-board-first-run-r17	tools22-dog	deepseek-v4-flash	RESULT tools22-dog-nova-board-first-run-r17 sha=5298f6be12ea — read `nova-board First run` against docs/CLI.md:2586-2643 and say CLEAN or DRIFT	DOGFOOD: run the documented example yourself on a bench (installed 12119912) and compare with CLEAN/DRIFT/ABSTAIN; an ABSTAIN must name a real reason.	Johnny	results/card-tools22-dog-nova-board-first-run-r17/RESULT.md
card-tools22-dog-nova-board-first-run-r2	tools22-dog	qwen/qwen3.7-flash	RESULT tools22-dog-nova-board-first-run-r2 sha=5298f6be12ea — read `nova-board First run` against docs/CLI.md:2586-2643 and say CLEAN or DRIFT	DOGFOOD: run the documented example yourself on a bench (installed 12119912) and compare with CLEAN/DRIFT/ABSTAIN; an ABSTAIN must name a real reason.	Johnny	results/card-tools22-dog-nova-board-first-run-r2/RESULT.md
card-tools22-dog-nova-board-first-run-r22	tools22-dog	deepseek/deepseek-v4-flash	RESULT tools22-dog-nova-board-first-run-r22 sha=5298f6be12ea — read `nova-board First run` against docs/CLI.md:2586-2643 and say CLEAN or DRIFT	DOGFOOD: run the documented example yourself on a bench (installed 12119912) and compare with CLEAN/DRIFT/ABSTAIN; an ABSTAIN must name a real reason.	Johnny	results/card-tools22-dog-nova-board-first-run-r22/RESULT.md
card-tools22-dog-nova-board-first-run-r3	tools22-dog	deepseek/deepseek-v4-flash	RESULT tools22-dog-nova-board-first-run-r3 sha=5298f6be12ea — read `nova-board First run` against docs/CLI.md:2586-2643 and say CLEAN or DRIFT	DOGFOOD: run the documented example yourself on a bench (installed 12119912) and compare with CLEAN/DRIFT/ABSTAIN; an ABSTAIN must name a real reason.	Johnny	results/card-tools22-dog-nova-board-first-run-r3/RESULT.md
card-tools22-dog-nova-board-first-run-r4	tools22-dog	deepseek-v4-flash	RESULT tools22-dog-nova-board-first-run-r4 sha=5298f6be12ea — read `nova-board First run` against docs/CLI.md:2586-2643 and say CLEAN or DRIFT	DOGFOOD: run the documented example yourself on a bench (installed 12119912) and compare with CLEAN/DRIFT/ABSTAIN; an ABSTAIN must name a real reason.	Johnny	results/card-tools22-dog-nova-board-first-run-r4/RESULT.md
card-tools22-dog-nova-board-first-run-r9	tools22-dog	deepseek-v4-flash	RESULT tools22-dog-nova-board-first-run-r9 sha=5298f6be12ea — read `nova-board First run` against docs/CLI.md:2586-2643 and say CLEAN or DRIFT	DOGFOOD: run the documented example yourself on a bench (installed 12119912) and compare with CLEAN/DRIFT/ABSTAIN; an ABSTAIN must name a real reason.	Johnny	results/card-tools22-dog-nova-board-first-run-r9/RESULT.md
card-tools22-dog-nova-bus-adopting-it-on-a-bus-tha-r12	tools22-dog	deepseek-v4-flash	RESULT: BLOCKED card-tools22-dog-nova-bus-adopting-it-on-a-bus-tha-r12	DOGFOOD: run the documented example yourself on a bench (installed 12119912) and compare with CLEAN/DRIFT/ABSTAIN; an ABSTAIN must name a real reason.	Johnny	results/card-tools22-dog-nova-bus-adopting-it-on-a-bus-tha-r12/RESULT.md
card-tools22-dog-nova-bus-adopting-it-on-a-bus-tha-r13	tools22-dog	deepseek-v4-flash	RESULT: BLOCKED card-tools22-dog-nova-bus-adopting-it-on-a-bus-tha-r13	DOGFOOD: run the documented example yourself on a bench (installed 12119912) and compare with CLEAN/DRIFT/ABSTAIN; an ABSTAIN must name a real reason.	Johnny	results/card-tools22-dog-nova-bus-adopting-it-on-a-bus-tha-r13/RESULT.md
card-tools22-dog-nova-bus-adopting-it-on-a-bus-tha-r14	tools22-dog	qwen/qwen3.7-flash	RESULT tools22-dog-nova-bus-adopting-it-on-a-bus-tha-r14 sha=5298f6be12ea — read `nova-bus Adopting it on a bus that already exists: the switch day` against doc	DOGFOOD: run the documented example yourself on a bench (installed 12119912) and compare with CLEAN/DRIFT/ABSTAIN; an ABSTAIN must name a real reason.	Johnny	results/card-tools22-dog-nova-bus-adopting-it-on-a-bus-tha-r14/RESULT.md
card-tools22-dog-nova-bus-adopting-it-on-a-bus-tha-r15	tools22-dog	qwen/qwen3.7-flash	RESULT tools22-dog-nova-bus-adopting-it-on-a-bus-tha-r15 sha=5298f6be12ea	DOGFOOD: run the documented example yourself on a bench (installed 12119912) and compare with CLEAN/DRIFT/ABSTAIN; an ABSTAIN must name a real reason.	Johnny	results/card-tools22-dog-nova-bus-adopting-it-on-a-bus-tha-r15/RESULT.md
card-tools22-dog-nova-bus-adopting-it-on-a-bus-tha-r16	tools22-dog	qwen/qwen3.7-flash	RESULT tools22-dog-nova-bus-adopting-it-on-a-bus-tha-r16 sha=5298f6be12ea	DOGFOOD: run the documented example yourself on a bench (installed 12119912) and compare with CLEAN/DRIFT/ABSTAIN; an ABSTAIN must name a real reason.	Johnny	results/card-tools22-dog-nova-bus-adopting-it-on-a-bus-tha-r16/RESULT.md
card-tools22-dog-nova-bus-adopting-it-on-a-bus-tha-r17	tools22-dog	deepseek-v4-flash	RESULT tools22-dog-nova-bus-adopting-it-on-a-bus-tha-r17 sha=5298f6be12ea — read `nova-bus Adopting it on a bus that already exists: the switch day` against doc	DOGFOOD: run the documented example yourself on a bench (installed 12119912) and compare with CLEAN/DRIFT/ABSTAIN; an ABSTAIN must name a real reason.	Johnny	results/card-tools22-dog-nova-bus-adopting-it-on-a-bus-tha-r17/RESULT.md
card-tools22-dog-nova-bus-adopting-it-on-a-bus-tha-r18	tools22-dog	deepseek-v4-flash	RESULT: BLOCKED card-tools22-dog-nova-bus-adopting-it-on-a-bus-tha-r18	DOGFOOD: run the documented example yourself on a bench (installed 12119912) and compare with CLEAN/DRIFT/ABSTAIN; an ABSTAIN must name a real reason.	Johnny	results/card-tools22-dog-nova-bus-adopting-it-on-a-bus-tha-r18/RESULT.md
card-tools22-dog-nova-bus-adopting-it-on-a-bus-tha-r19	tools22-dog	deepseek/deepseek-v4-flash	RESULT tools22-dog-nova-bus-adopting-it-on-a-bus-tha-r19 sha=5298f6be12ea — read `nova-bus Adopting it on a bus that already exists: the switch day` against doc	DOGFOOD: run the documented example yourself on a bench (installed 12119912) and compare with CLEAN/DRIFT/ABSTAIN; an ABSTAIN must name a real reason.	Johnny	results/card-tools22-dog-nova-bus-adopting-it-on-a-bus-tha-r19/RESULT.md
card-tools22-dog-nova-bus-adopting-it-on-a-bus-tha-r2	tools22-dog	qwen/qwen3.7-flash	RESULT tools22-dog-nova-bus-adopting-it-on-a-bus-tha-r2 sha=5298f6be12ea — read `nova-bus Adopting it on a bus that already exists: the switch day` against docs	DOGFOOD: run the documented example yourself on a bench (installed 12119912) and compare with CLEAN/DRIFT/ABSTAIN; an ABSTAIN must name a real reason.	Johnny	results/card-tools22-dog-nova-bus-adopting-it-on-a-bus-tha-r2/RESULT.md
card-tools22-dog-nova-bus-adopting-it-on-a-bus-tha-r20	tools22-dog	deepseek-v4-flash	RESULT: BLOCKED card-tools22-dog-nova-bus-adopting-it-on-a-bus-tha-r20	DOGFOOD: run the documented example yourself on a bench (installed 12119912) and compare with CLEAN/DRIFT/ABSTAIN; an ABSTAIN must name a real reason.	Johnny	results/card-tools22-dog-nova-bus-adopting-it-on-a-bus-tha-r20/RESULT.md
card-tools22-dog-nova-bus-adopting-it-on-a-bus-tha-r21	tools22-dog	deepseek-v4-flash	RESULT tools22-dog-nova-bus-adopting-it-on-a-bus-tha-r21 sha=5298f6be12ea — read `nova-bus Adopting it on a bus that already exists: the switch day` against doc	DOGFOOD: run the documented example yourself on a bench (installed 12119912) and compare with CLEAN/DRIFT/ABSTAIN; an ABSTAIN must name a real reason.	Johnny	results/card-tools22-dog-nova-bus-adopting-it-on-a-bus-tha-r21/RESULT.md
card-tools22-dog-nova-bus-adopting-it-on-a-bus-tha-r22	tools22-dog	deepseek-v4-flash	RESULT: BLOCKED card-tools22-dog-nova-bus-adopting-it-on-a-bus-tha-r22	DOGFOOD: run the documented example yourself on a bench (installed 12119912) and compare with CLEAN/DRIFT/ABSTAIN; an ABSTAIN must name a real reason.	Johnny	results/card-tools22-dog-nova-bus-adopting-it-on-a-bus-tha-r22/RESULT.md
card-tools22-dog-nova-bus-adopting-it-on-a-bus-tha-r23	tools22-dog	deepseek-v4-flash	RESULT: BLOCKED card-tools22-dog-nova-bus-adopting-it-on-a-bus-tha-r23	DOGFOOD: run the documented example yourself on a bench (installed 12119912) and compare with CLEAN/DRIFT/ABSTAIN; an ABSTAIN must name a real reason.	Johnny	results/card-tools22-dog-nova-bus-adopting-it-on-a-bus-tha-r23/RESULT.md
card-tools22-dog-nova-bus-adopting-it-on-a-bus-tha-r24	tools22-dog	deepseek/deepseek-v4-flash	RESULT tools22-dog-nova-bus-adopting-it-on-a-bus-tha-r24 sha=5298f6be12ea — read `nova-bus Adopting it on a bus that already exists: the switch day` against doc	DOGFOOD: run the documented example yourself on a bench (installed 12119912) and compare with CLEAN/DRIFT/ABSTAIN; an ABSTAIN must name a real reason.	Johnny	results/card-tools22-dog-nova-bus-adopting-it-on-a-bus-tha-r24/RESULT.md
card-tools22-dog-nova-bus-adopting-it-on-a-bus-tha-r3	tools22-dog	deepseek-v4-flash	RESULT tools22-dog-nova-bus-adopting-it-on-a-bus-tha-r3 sha=5298f6be12ea — read `nova-bus Adopting it on a bus that already exists: the switch day` against docs	DOGFOOD: run the documented example yourself on a bench (installed 12119912) and compare with CLEAN/DRIFT/ABSTAIN; an ABSTAIN must name a real reason.	Johnny	results/card-tools22-dog-nova-bus-adopting-it-on-a-bus-tha-r3/RESULT.md
card-tools22-dog-nova-bus-adopting-it-on-a-bus-tha-r4	tools22-dog	deepseek-v4-flash	RESULT tools22-dog-nova-bus-adopting-it-on-a-bus-tha-r4 sha=5298f6be12ea — read `nova-bus Adopting it on a bus that already exists: the switch day` against docs	DOGFOOD: run the documented example yourself on a bench (installed 12119912) and compare with CLEAN/DRIFT/ABSTAIN; an ABSTAIN must name a real reason.	Johnny	results/card-tools22-dog-nova-bus-adopting-it-on-a-bus-tha-r4/RESULT.md
card-tools22-dog-nova-bus-adopting-it-on-a-bus-tha-r5	tools22-dog	deepseek/deepseek-v4-flash	RESULT: BLOCKED card-tools22-dog-nova-bus-adopting-it-on-a-bus-tha-r5	DOGFOOD: run the documented example yourself on a bench (installed 12119912) and compare with CLEAN/DRIFT/ABSTAIN; an ABSTAIN must name a real reason.	Johnny	results/card-tools22-dog-nova-bus-adopting-it-on-a-bus-tha-r5/RESULT.md
card-tools22-dog-nova-bus-adopting-it-on-a-bus-tha-r6	tools22-dog	qwen/qwen3.7-flash	RESULT tools22-dog-nova-bus-adopting-it-on-a-bus-tha-r6 sha=5298f6be12ea — read `nova-bus Adopting it on a bus that already exists: the switch day` against docs	DOGFOOD: run the documented example yourself on a bench (installed 12119912) and compare with CLEAN/DRIFT/ABSTAIN; an ABSTAIN must name a real reason.	Johnny	results/card-tools22-dog-nova-bus-adopting-it-on-a-bus-tha-r6/RESULT.md
card-tools22-dog-nova-bus-adopting-it-on-a-bus-tha-r7	tools22-dog	deepseek-v4-flash	RESULT tools22-dog-nova-bus-adopting-it-on-a-bus-tha-r7 sha=5298f6be12ea — read `nova-bus Adopting it on a bus that already exists: the switch day` against docs	DOGFOOD: run the documented example yourself on a bench (installed 12119912) and compare with CLEAN/DRIFT/ABSTAIN; an ABSTAIN must name a real reason.	Johnny	results/card-tools22-dog-nova-bus-adopting-it-on-a-bus-tha-r7/RESULT.md
card-tools22-dog-nova-bus-adopting-it-on-a-bus-tha-r8	tools22-dog	qwen/qwen3.7-flash	RESULT tools22-dog-nova-bus-adopting-it-on-a-bus-tha-r8 sha=5298f6be12ea — read `nova-bus Adopting it on a bus that already exists: the switch day` against docs	DOGFOOD: run the documented example yourself on a bench (installed 12119912) and compare with CLEAN/DRIFT/ABSTAIN; an ABSTAIN must name a real reason.	Johnny	results/card-tools22-dog-nova-bus-adopting-it-on-a-bus-tha-r8/RESULT.md
card-tools22-dog-nova-bus-adopting-it-on-a-bus-tha-r9	tools22-dog	qwen/qwen3.7-flash	RESULT tools22-dog-nova-bus-adopting-it-on-a-bus-tha-r9 sha=5298f6be12ea — read `nova-bus Adopting it on a bus that already exists: the switch day` against docs	DOGFOOD: run the documented example yourself on a bench (installed 12119912) and compare with CLEAN/DRIFT/ABSTAIN; an ABSTAIN must name a real reason.	Johnny	results/card-tools22-dog-nova-bus-adopting-it-on-a-bus-tha-r9/RESULT.md
card-tools22-dog-nova-bus-first-run-r1	tools22-dog	deepseek/deepseek-v4-flash	RESULT: BLOCKED card-tools22-dog-nova-bus-first-run-r1	DOGFOOD: run the documented example yourself on a bench (installed 12119912) and compare with CLEAN/DRIFT/ABSTAIN; an ABSTAIN must name a real reason.	Johnny	results/card-tools22-dog-nova-bus-first-run-r1/RESULT.md
card-tools22-dog-nova-bus-first-run-r10	tools22-dog	deepseek-v4-flash	RESULT tools22-dog-nova-bus-first-run-r10 sha=5298f6be12ea — read `nova-bus First run` against docs/CLI.md:361-392 and say CLEAN or DRIFT	DOGFOOD: run the documented example yourself on a bench (installed 12119912) and compare with CLEAN/DRIFT/ABSTAIN; an ABSTAIN must name a real reason.	Johnny	results/card-tools22-dog-nova-bus-first-run-r10/RESULT.md
card-tools22-dog-nova-bus-first-run-r11	tools22-dog	qwen/qwen3.7-flash	RESULT tools22-dog-nova-bus-first-run-r11 sha=5298f6be12ea — read `nova-bus First run` against docs/CLI.md:361-392 and say CLEAN or DRIFT	DOGFOOD: run the documented example yourself on a bench (installed 12119912) and compare with CLEAN/DRIFT/ABSTAIN; an ABSTAIN must name a real reason.	Johnny	results/card-tools22-dog-nova-bus-first-run-r11/RESULT.md
card-tools22-dog-nova-bus-first-run-r12	tools22-dog	qwen/qwen3.7-flash	RESULT tools22-dog-nova-bus-first-run-r12 sha=5298f6be12ea — read `nova-bus First run` against docs/CLI.md:361-392 and say CLEAN or DRIFT	DOGFOOD: run the documented example yourself on a bench (installed 12119912) and compare with CLEAN/DRIFT/ABSTAIN; an ABSTAIN must name a real reason.	Johnny	results/card-tools22-dog-nova-bus-first-run-r12/RESULT.md
card-tools22-dog-nova-bus-first-run-r13	tools22-dog	deepseek/deepseek-v4-flash	RESULT tools22-dog-nova-bus-first-run-r13 sha=5298f6be12ea — read `nova-bus First run` against docs/CLI.md:361-392 and say CLEAN or DRIFT	DOGFOOD: run the documented example yourself on a bench (installed 12119912) and compare with CLEAN/DRIFT/ABSTAIN; an ABSTAIN must name a real reason.	Johnny	results/card-tools22-dog-nova-bus-first-run-r13/RESULT.md
card-tools22-dog-nova-bus-first-run-r14	tools22-dog	deepseek-v4-flash	RESULT tools22-dog-nova-bus-first-run-r14 sha=5298f6be12ea — read `nova-bus First run` against docs/CLI.md:361-392 and say CLEAN or DRIFT	DOGFOOD: run the documented example yourself on a bench (installed 12119912) and compare with CLEAN/DRIFT/ABSTAIN; an ABSTAIN must name a real reason.	Johnny	results/card-tools22-dog-nova-bus-first-run-r14/RESULT.md
card-tools22-dog-nova-bus-first-run-r15	tools22-dog	deepseek/deepseek-v4-flash	RESULT tools22-dog-nova-bus-first-run-r15 sha=5298f6be12ea — read `nova-bus First run` against docs/CLI.md:361-392 and say CLEAN or DRIFT	DOGFOOD: run the documented example yourself on a bench (installed 12119912) and compare with CLEAN/DRIFT/ABSTAIN; an ABSTAIN must name a real reason.	Johnny	results/card-tools22-dog-nova-bus-first-run-r15/RESULT.md
card-tools22-dog-nova-bus-first-run-r16	tools22-dog	deepseek-v4-flash	RESULT tools22-dog-nova-bus-first-run-r16 sha=5298f6be12ea — read `nova-bus First run` against docs/CLI.md:361-392 and say CLEAN or DRIFT	DOGFOOD: run the documented example yourself on a bench (installed 12119912) and compare with CLEAN/DRIFT/ABSTAIN; an ABSTAIN must name a real reason.	Johnny	results/card-tools22-dog-nova-bus-first-run-r16/RESULT.md
card-tools22-dog-nova-bus-first-run-r18	tools22-dog	qwen/qwen3.7-flash	RESULT tools22-dog-nova-bus-first-run-r18 sha=5298f6be12ea — read docs/CLI.md:361-392 and say CLEAN or DRIFT	DOGFOOD: run the documented example yourself on a bench (installed 12119912) and compare with CLEAN/DRIFT/ABSTAIN; an ABSTAIN must name a real reason.	Johnny	results/card-tools22-dog-nova-bus-first-run-r18/RESULT.md
card-tools22-dog-nova-bus-first-run-r2	tools22-dog	mercury-2.5	RESULT tools22-dog-nova-bus-first-run-r2 sha=5298f6be12ea — read `nova-bus First run` against docs/CLI.md:361-392 and say CLEAN or DRIFT	DOGFOOD: run the documented example yourself on a bench (installed 12119912) and compare with CLEAN/DRIFT/ABSTAIN; an ABSTAIN must name a real reason.	Johnny	results/card-tools22-dog-nova-bus-first-run-r2/RESULT.md
card-tools22-dog-nova-bus-first-run-r20	tools22-dog	qwen/qwen3.7-flash	RESULT tools22-dog-nova-bus-first-run-r20 sha=5298f6be12ea — read `nova-bus First run` against docs/CLI.md:361-392 and say CLEAN or DRIFT	DOGFOOD: run the documented example yourself on a bench (installed 12119912) and compare with CLEAN/DRIFT/ABSTAIN; an ABSTAIN must name a real reason.	Johnny	results/card-tools22-dog-nova-bus-first-run-r20/RESULT.md
card-tools22-dog-nova-bus-first-run-r21	tools22-dog	qwen/qwen3.7-flash	RESULT tools22-dog-nova-bus-first-run-r21 sha=5298f6be12ea — read `nova-bus First run` against docs/CLI.md:361-392 and say CLEAN or DRIFT	DOGFOOD: run the documented example yourself on a bench (installed 12119912) and compare with CLEAN/DRIFT/ABSTAIN; an ABSTAIN must name a real reason.	Johnny	results/card-tools22-dog-nova-bus-first-run-r21/RESULT.md
card-tools22-dog-nova-bus-first-run-r22	tools22-dog	qwen/qwen3.7-flash	RESULT tools22-dog-nova-bus-first-run-r22 sha=5298f6be12ea — read `nova-bus First run` against docs/CLI.md:361-392 and say CLEAN or DRIFT	DOGFOOD: run the documented example yourself on a bench (installed 12119912) and compare with CLEAN/DRIFT/ABSTAIN; an ABSTAIN must name a real reason.	Johnny	results/card-tools22-dog-nova-bus-first-run-r22/RESULT.md
card-tools22-dog-nova-bus-first-run-r23	tools22-dog	deepseek/deepseek-v4-flash	RESULT tools22-dog-nova-bus-first-run-r23 sha=5298f6be12ea — read `nova-bus First run` against docs/CLI.md:361-392 and say CLEAN or DRIFT	DOGFOOD: run the documented example yourself on a bench (installed 12119912) and compare with CLEAN/DRIFT/ABSTAIN; an ABSTAIN must name a real reason.	Johnny	results/card-tools22-dog-nova-bus-first-run-r23/RESULT.md
card-tools22-dog-nova-bus-first-run-r4	tools22-dog	deepseek-v4-flash	RESULT tools22-dog-nova-bus-first-run-r4 sha=5298f6be12ea — read `nova-bus First run` against docs/CLI.md:361-392 and say CLEAN or DRIFT	DOGFOOD: run the documented example yourself on a bench (installed 12119912) and compare with CLEAN/DRIFT/ABSTAIN; an ABSTAIN must name a real reason.	Johnny	results/card-tools22-dog-nova-bus-first-run-r4/RESULT.md
card-tools22-dog-nova-bus-first-run-r8	tools22-dog	deepseek-v4-flash	RESULT tools22-dog-nova-bus-first-run-r8 sha=5298f6be12ea — read `nova-bus First run` against docs/CLI.md:361-392 and say CLEAN or DRIFT	DOGFOOD: run the documented example yourself on a bench (installed 12119912) and compare with CLEAN/DRIFT/ABSTAIN; an ABSTAIN must name a real reason.	Johnny	results/card-tools22-dog-nova-bus-first-run-r8/RESULT.md
card-tools22-dog-nova-bus-for-harnesses-that-do-no-r1	tools22-dog	qwen/qwen3.7-flash	RESULT tools22-dog-nova-bus-for-harnesses-that-do-no-r1 sha=5298f6be12ea — read `nova-bus For harnesses that do not wake you` against docs/CLI.md:528-541 and sa	DOGFOOD: run the documented example yourself on a bench (installed 12119912) and compare with CLEAN/DRIFT/ABSTAIN; an ABSTAIN must name a real reason.	Johnny	results/card-tools22-dog-nova-bus-for-harnesses-that-do-no-r1/RESULT.md
card-tools22-dog-nova-bus-for-harnesses-that-do-no-r10	tools22-dog	deepseek/deepseek-v4-flash	RESULT tools22-dog-nova-bus-for-harnesses-that-do-no-r10 sha=5298f6be12ea — read `nova-bus For harnesses that do not wake you` against docs/CLI.md:528-541 and s	DOGFOOD: run the documented example yourself on a bench (installed 12119912) and compare with CLEAN/DRIFT/ABSTAIN; an ABSTAIN must name a real reason.	Johnny	results/card-tools22-dog-nova-bus-for-harnesses-that-do-no-r10/RESULT.md
card-tools22-dog-nova-bus-for-harnesses-that-do-no-r13	tools22-dog	qwen/qwen3.7-flash	RESULT tools22-dog-nova-bus-for-harnesses-that-do-no-r13 sha=5298f6be12ea	DOGFOOD: run the documented example yourself on a bench (installed 12119912) and compare with CLEAN/DRIFT/ABSTAIN; an ABSTAIN must name a real reason.	Johnny	results/card-tools22-dog-nova-bus-for-harnesses-that-do-no-r13/RESULT.md
card-tools22-dog-nova-bus-for-harnesses-that-do-no-r14	tools22-dog	qwen/qwen3.7-flash	RESULT tools22-dog-nova-bus-for-harnesses-that-do-no-r14 sha=5298f6be12ea	DOGFOOD: run the documented example yourself on a bench (installed 12119912) and compare with CLEAN/DRIFT/ABSTAIN; an ABSTAIN must name a real reason.	Johnny	results/card-tools22-dog-nova-bus-for-harnesses-that-do-no-r14/RESULT.md
card-tools22-dog-nova-bus-for-harnesses-that-do-no-r15	tools22-dog	deepseek/deepseek-v4-flash	RESULT tools22-dog-nova-bus-for-harnesses-that-do-no-r15 sha=5298f6be12ea — read `nova-bus For harnesses that do not wake you` against docs/CLI.md:528-541 and s	DOGFOOD: run the documented example yourself on a bench (installed 12119912) and compare with CLEAN/DRIFT/ABSTAIN; an ABSTAIN must name a real reason.	Johnny	results/card-tools22-dog-nova-bus-for-harnesses-that-do-no-r15/RESULT.md
card-tools22-dog-nova-bus-for-harnesses-that-do-no-r8	tools22-dog	mercury-2.5	5298f6be12ea — read `nova-bus For harnesses that do not wake you` against docs/CLI.md:528-541 and say CLEAN or DRIFT	DOGFOOD: run the documented example yourself on a bench (installed 12119912) and compare with CLEAN/DRIFT/ABSTAIN; an ABSTAIN must name a real reason.	Johnny	results/card-tools22-dog-nova-bus-for-harnesses-that-do-no-r8/RESULT.md
card-tools22-dog-nova-bus-for-harnesses-that-do-no-r9	tools22-dog	mercury-2.5	RESULT tools22-dog-nova-bus-for-harnesses-that-do-no-r9 sha=5298f6be12ea — read `nova-bus For harnesses that do not wake you` against docs/CLI.md:528-541 and sa	DOGFOOD: run the documented example yourself on a bench (installed 12119912) and compare with CLEAN/DRIFT/ABSTAIN; an ABSTAIN must name a real reason.	Johnny	results/card-tools22-dog-nova-bus-for-harnesses-that-do-no-r9/RESULT.md
card-tools22-dog-nova-bus-reading-a-backlog-with-a-r1	tools22-dog	deepseek-v4-flash	RESULT tools22-dog-nova-bus-reading-a-backlog-with-a-r1 sha=5298f6be12ea — read `nova-bus Reading a backlog with a typed decision` against docs/CLI.md:556-559 a	DOGFOOD: run the documented example yourself on a bench (installed 12119912) and compare with CLEAN/DRIFT/ABSTAIN; an ABSTAIN must name a real reason.	Johnny	results/card-tools22-dog-nova-bus-reading-a-backlog-with-a-r1/RESULT.md
card-tools22-dog-nova-bus-reading-a-backlog-with-a-r10	tools22-dog	mercury-2.5	RESULT tools22-dog-nova-bus-reading-a-backlog-with-a-r10 sha=5298f6be12ea — read `nova-bus Reading a backlog with a typed decision` against docs/CLI.md:556-559 	DOGFOOD: run the documented example yourself on a bench (installed 12119912) and compare with CLEAN/DRIFT/ABSTAIN; an ABSTAIN must name a real reason.	Johnny	results/card-tools22-dog-nova-bus-reading-a-backlog-with-a-r10/RESULT.md
card-tools22-dog-nova-bus-reading-a-backlog-with-a-r11	tools22-dog	mercury-2.5	RESULT tools22-dog-nova-bus-reading-a-backlog-with-a-r11 sha=5298f6be12ea — read `nova-bus Reading a backlog with a typed decision` against docs/CLI.md:556-559 	DOGFOOD: run the documented example yourself on a bench (installed 12119912) and compare with CLEAN/DRIFT/ABSTAIN; an ABSTAIN must name a real reason.	Johnny	results/card-tools22-dog-nova-bus-reading-a-backlog-with-a-r11/RESULT.md
card-tools22-dog-nova-bus-reading-a-backlog-with-a-r12	tools22-dog	deepseek/deepseek-v4-flash	RESULT tools22-dog-nova-bus-reading-a-backlog-with-a-r12 sha=5298f6be12ea — read `nova-bus Reading a backlog with a typed decision` against docs/CLI.md:556-559 	DOGFOOD: run the documented example yourself on a bench (installed 12119912) and compare with CLEAN/DRIFT/ABSTAIN; an ABSTAIN must name a real reason.	Johnny	results/card-tools22-dog-nova-bus-reading-a-backlog-with-a-r12/RESULT.md
card-tools22-dog-nova-bus-reading-a-backlog-with-a-r13	tools22-dog	deepseek/deepseek-v4-flash	RESULT tools22-dog-nova-bus-reading-a-backlog-with-a-r13 sha=5298f6be12ea — read `nova-bus Reading a backlog with a typed decision` against docs/CLI.md:556-559 	DOGFOOD: run the documented example yourself on a bench (installed 12119912) and compare with CLEAN/DRIFT/ABSTAIN; an ABSTAIN must name a real reason.	Johnny	results/card-tools22-dog-nova-bus-reading-a-backlog-with-a-r13/RESULT.md
card-tools22-dog-nova-bus-reading-a-backlog-with-a-r14	tools22-dog	deepseek-v4-flash	RESULT tools22-dog-nova-bus-reading-a-backlog-with-a-r14 sha=5298f6be12ea — read `nova-bus Reading a backlog with a typed decision` against docs/CLI.md:556-559 	DOGFOOD: run the documented example yourself on a bench (installed 12119912) and compare with CLEAN/DRIFT/ABSTAIN; an ABSTAIN must name a real reason.	Johnny	results/card-tools22-dog-nova-bus-reading-a-backlog-with-a-r14/RESULT.md
card-tools22-dog-nova-bus-reading-a-backlog-with-a-r15	tools22-dog	deepseek-v4-flash	RESULT tools22-dog-nova-bus-reading-a-backlog-with-a-r15 sha=5298f6be12ea — read `nova-bus Reading a backlog with a typed decision` against docs/CLI.md:556-559 	DOGFOOD: run the documented example yourself on a bench (installed 12119912) and compare with CLEAN/DRIFT/ABSTAIN; an ABSTAIN must name a real reason.	Johnny	results/card-tools22-dog-nova-bus-reading-a-backlog-with-a-r15/RESULT.md
card-tools22-dog-nova-bus-reading-a-backlog-with-a-r16	tools22-dog	qwen/qwen3.7-flash	RESULT tools22-dog-nova-bus-reading-a-backlog-with-a-r16 sha=5298f6be12ea — read `nova-bus Reading a backlog with a typed decision` against docs/CLI.md:556-559 	DOGFOOD: run the documented example yourself on a bench (installed 12119912) and compare with CLEAN/DRIFT/ABSTAIN; an ABSTAIN must name a real reason.	Johnny	results/card-tools22-dog-nova-bus-reading-a-backlog-with-a-r16/RESULT.md
card-tools22-dog-nova-bus-reading-a-backlog-with-a-r17	tools22-dog	qwen/qwen3.7-flash	RESULT tools22-dog-nova-bus-reading-a-backlog-with-a-r17 sha=5298f6be12ea — read `nova-bus Reading a backlog with a typed decision` against docs/CLI.md:556-559 	DOGFOOD: run the documented example yourself on a bench (installed 12119912) and compare with CLEAN/DRIFT/ABSTAIN; an ABSTAIN must name a real reason.	Johnny	results/card-tools22-dog-nova-bus-reading-a-backlog-with-a-r17/RESULT.md
card-tools22-dog-nova-bus-reading-a-backlog-with-a-r18	tools22-dog	deepseek/deepseek-v4-flash	RESULT tools22-dog-nova-bus-reading-a-backlog-with-a-r18 sha=5298f6be12eaa0f7e6622334d2b6a1eb427649e3 — read `nova-bus Reading a backlog with a typed decision` 	DOGFOOD: run the documented example yourself on a bench (installed 12119912) and compare with CLEAN/DRIFT/ABSTAIN; an ABSTAIN must name a real reason.	Johnny	results/card-tools22-dog-nova-bus-reading-a-backlog-with-a-r18/RESULT.md
card-tools22-dog-nova-bus-reading-a-backlog-with-a-r19	tools22-dog	deepseek/deepseek-v4-flash	"""RESULT tools22-dog-nova-bus-reading-a-backlog-with-a-r19 sha=5298f6be12ea — read `nova-bus Reading a backlog with a typed decision` against docs/CLI.md:556-559"	DOGFOOD: run the documented example yourself on a bench (installed 12119912) and compare with CLEAN/DRIFT/ABSTAIN; an ABSTAIN must name a real reason.	Johnny	results/card-tools22-dog-nova-bus-reading-a-backlog-with-a-r19/RESULT.md
card-tools22-dog-nova-bus-reading-a-backlog-with-a-r2	tools22-dog	qwen/qwen3.7-flash	RESULT tools22-dog-nova-bus-reading-a-backlog-with-a-r2 sha=5298f6be12ea — read `nova-bus Reading a backlog with a typed decision` against docs/CLI.md:556-559 a	DOGFOOD: run the documented example yourself on a bench (installed 12119912) and compare with CLEAN/DRIFT/ABSTAIN; an ABSTAIN must name a real reason.	Johnny	results/card-tools22-dog-nova-bus-reading-a-backlog-with-a-r2/RESULT.md
card-tools22-dog-nova-bus-reading-a-backlog-with-a-r20	tools22-dog	deepseek-v4-flash	RESULT tools22-dog-nova-bus-reading-a-backlog-with-a-r20 sha=5298f6be12ea — read `nova-bus Reading a backlog with a typed decision` against docs/CLI.md:556-559 	DOGFOOD: run the documented example yourself on a bench (installed 12119912) and compare with CLEAN/DRIFT/ABSTAIN; an ABSTAIN must name a real reason.	Johnny	results/card-tools22-dog-nova-bus-reading-a-backlog-with-a-r20/RESULT.md
card-tools22-dog-nova-bus-reading-a-backlog-with-a-r21	tools22-dog	deepseek-v4-flash	RESULT tools22-dog-nova-bus-reading-a-backlog-with-a-r21 sha=5298f6be12ea — read `nova-bus Reading a backlog with a typed decision` against docs/CLI.md:556-559 	DOGFOOD: run the documented example yourself on a bench (installed 12119912) and compare with CLEAN/DRIFT/ABSTAIN; an ABSTAIN must name a real reason.	Johnny	results/card-tools22-dog-nova-bus-reading-a-backlog-with-a-r21/RESULT.md
card-tools22-dog-nova-bus-reading-a-backlog-with-a-r22	tools22-dog	qwen/qwen3.7-flash	RESULT tools22-dog-nova-bus-reading-a-backlog-with-a-r22 sha=5298f6be12ea	DOGFOOD: run the documented example yourself on a bench (installed 12119912) and compare with CLEAN/DRIFT/ABSTAIN; an ABSTAIN must name a real reason.	Johnny	results/card-tools22-dog-nova-bus-reading-a-backlog-with-a-r22/RESULT.md
card-tools22-dog-nova-bus-reading-a-backlog-with-a-r23	tools22-dog	qwen/qwen3.7-flash	RESULT tools22-dog-nova-bus-reading-a-backlog-with-a-r23 sha=5298f6be12ea — read `nova-bus Reading a backlog with a typed decision` against docs/CLI.md:556-559 	DOGFOOD: run the documented example yourself on a bench (installed 12119912) and compare with CLEAN/DRIFT/ABSTAIN; an ABSTAIN must name a real reason.	Johnny	results/card-tools22-dog-nova-bus-reading-a-backlog-with-a-r23/RESULT.md
card-tools22-dog-nova-bus-reading-a-backlog-with-a-r24	tools22-dog	mercury-2.5	RESULT tools22-dog-nova-bus-reading-a-backlog-with-a-r24 sha=5298f6be12ea — read `nova-bus Reading a backlog with a typed decision` against docs/CLI.md:556-559 	DOGFOOD: run the documented example yourself on a bench (installed 12119912) and compare with CLEAN/DRIFT/ABSTAIN; an ABSTAIN must name a real reason.	Johnny	results/card-tools22-dog-nova-bus-reading-a-backlog-with-a-r24/RESULT.md
card-tools22-dog-nova-bus-reading-a-backlog-with-a-r3	tools22-dog	qwen/qwen3.7-flash	RESULT tools22-dog-nova-bus-reading-a-backlog-with-a-r3 sha=5298f6be12ea	DOGFOOD: run the documented example yourself on a bench (installed 12119912) and compare with CLEAN/DRIFT/ABSTAIN; an ABSTAIN must name a real reason.	Johnny	results/card-tools22-dog-nova-bus-reading-a-backlog-with-a-r3/RESULT.md
card-tools22-dog-nova-bus-reading-a-backlog-with-a-r4	tools22-dog	mercury-2.5	RESULT tools22-dog-nova-bus-reading-a-backlog-with-a-r4 sha=5298f6be12ea — read `nova-bus Reading a backlog with a typed decision` against docs/CLI.md:556-559 a	DOGFOOD: run the documented example yourself on a bench (installed 12119912) and compare with CLEAN/DRIFT/ABSTAIN; an ABSTAIN must name a real reason.	Johnny	results/card-tools22-dog-nova-bus-reading-a-backlog-with-a-r4/RESULT.md
card-tools22-dog-nova-bus-reading-a-backlog-with-a-r5	tools22-dog	mercury-2.5	RESULT tools22-dog-nova-bus-reading-a-backlog-with-a-r5 sha=5298f6be12ea — read `nova-bus Reading a backlog with a typed decision` against docs/CLI.md:556-559 a	DOGFOOD: run the documented example yourself on a bench (installed 12119912) and compare with CLEAN/DRIFT/ABSTAIN; an ABSTAIN must name a real reason.	Johnny	results/card-tools22-dog-nova-bus-reading-a-backlog-with-a-r5/RESULT.md
card-tools22-dog-nova-bus-reading-a-backlog-with-a-r6	tools22-dog	deepseek/deepseek-v4-flash	RESULT tools22-dog-nova-bus-reading-a-backlog-with-a-r6 sha=5298f6be12ea — read `nova-bus Reading a backlog with a typed decision` against docs/CLI.md:556-559 a	DOGFOOD: run the documented example yourself on a bench (installed 12119912) and compare with CLEAN/DRIFT/ABSTAIN; an ABSTAIN must name a real reason.	Johnny	results/card-tools22-dog-nova-bus-reading-a-backlog-with-a-r6/RESULT.md
card-tools22-dog-nova-bus-reading-a-backlog-with-a-r7	tools22-dog	deepseek/deepseek-v4-flash	RESULT tools22-dog-nova-bus-reading-a-backlog-with-a-r7 sha=5298f6be12ea — read `nova-bus Reading a backlog with a typed decision` against docs/CLI.md:556-559 a	DOGFOOD: run the documented example yourself on a bench (installed 12119912) and compare with CLEAN/DRIFT/ABSTAIN; an ABSTAIN must name a real reason.	Johnny	results/card-tools22-dog-nova-bus-reading-a-backlog-with-a-r7/RESULT.md
card-tools22-dog-nova-bus-reading-a-backlog-with-a-r8	tools22-dog	deepseek/deepseek-v4-flash	RESULT tools22-dog-nova-bus-reading-a-backlog-with-a-r8 sha=5298f6be12ea — read `nova-bus Reading a backlog with a typed decision` against docs/CLI.md:556-559 a	DOGFOOD: run the documented example yourself on a bench (installed 12119912) and compare with CLEAN/DRIFT/ABSTAIN; an ABSTAIN must name a real reason.	Johnny	results/card-tools22-dog-nova-bus-reading-a-backlog-with-a-r8/RESULT.md
card-tools22-dog-nova-bus-reading-a-backlog-with-a-r9	tools22-dog	deepseek/deepseek-v4-flash	RESULT tools22-dog-nova-bus-reading-a-backlog-with-a-r9 sha=5298f6be12ea — read `nova-bus Reading a backlog with a typed decision` against docs/CLI.md:556-559 a	DOGFOOD: run the documented example yourself on a bench (installed 12119912) and compare with CLEAN/DRIFT/ABSTAIN; an ABSTAIN must name a real reason.	Johnny	results/card-tools22-dog-nova-bus-reading-a-backlog-with-a-r9/RESULT.md
card-tools22-dog-nova-bus-setting-up-a-bus-r1	tools22-dog	qwen/qwen3.7-flash	RESULT tools22-dog-nova-bus-setting-up-a-bus-r1 sha=5298f6be12ea — read `nova-bus Setting up a bus` against docs/CLI.md:393-433 and say CLEAN or DRIFT	DOGFOOD: run the documented example yourself on a bench (installed 12119912) and compare with CLEAN/DRIFT/ABSTAIN; an ABSTAIN must name a real reason.	Johnny	results/card-tools22-dog-nova-bus-setting-up-a-bus-r1/RESULT.md
card-tools22-dog-nova-bus-setting-up-a-bus-r10	tools22-dog	deepseek/deepseek-v4-flash	RESULT tools22-dog-nova-bus-setting-up-a-bus-r10 sha=5298f6be12ea	DOGFOOD: run the documented example yourself on a bench (installed 12119912) and compare with CLEAN/DRIFT/ABSTAIN; an ABSTAIN must name a real reason.	Johnny	results/card-tools22-dog-nova-bus-setting-up-a-bus-r10/RESULT.md
card-tools22-dog-nova-bus-setting-up-a-bus-r11	tools22-dog	qwen/qwen3.7-flash	"""RESULT tools22-dog-nova-bus-setting-up-a-bus-r11 sha=5298f6be12ea — read `nova-bus Setting up a bus` against docs/CLI.md:393-433 and say CLEAN or DRIFT"	DOGFOOD: run the documented example yourself on a bench (installed 12119912) and compare with CLEAN/DRIFT/ABSTAIN; an ABSTAIN must name a real reason.	Johnny	results/card-tools22-dog-nova-bus-setting-up-a-bus-r11/RESULT.md
card-tools22-dog-nova-bus-setting-up-a-bus-r12	tools22-dog	qwen/qwen3.7-flash	RESULT tools22-dog-nova-bus-setting-up-a-bus-r12 sha=5298f6be12ea	DOGFOOD: run the documented example yourself on a bench (installed 12119912) and compare with CLEAN/DRIFT/ABSTAIN; an ABSTAIN must name a real reason.	Johnny	results/card-tools22-dog-nova-bus-setting-up-a-bus-r12/RESULT.md
card-tools22-dog-nova-bus-setting-up-a-bus-r13	tools22-dog	deepseek/deepseek-v4-flash	RESULT tools22-dog-nova-bus-setting-up-a-bus-r13 sha=5298f6be12ea — read `nova-bus Setting up a bus` against docs/CLI.md:393-433 and say CLEAN or DRIFT	DOGFOOD: run the documented example yourself on a bench (installed 12119912) and compare with CLEAN/DRIFT/ABSTAIN; an ABSTAIN must name a real reason.	Johnny	results/card-tools22-dog-nova-bus-setting-up-a-bus-r13/RESULT.md
card-tools22-dog-nova-bus-setting-up-a-bus-r14	tools22-dog	deepseek/deepseek-v4-flash	RESULT tools22-dog-nova-bus-setting-up-a-bus-r14 sha=5298f6be12ea — read `nova-bus Setting up a bus` against docs/CLI.md:393-433 and say CLEAN or DRIFT	DOGFOOD: run the documented example yourself on a bench (installed 12119912) and compare with CLEAN/DRIFT/ABSTAIN; an ABSTAIN must name a real reason.	Johnny	results/card-tools22-dog-nova-bus-setting-up-a-bus-r14/RESULT.md
card-tools22-dog-nova-bus-setting-up-a-bus-r15	tools22-dog	deepseek-v4-flash	RESULT tools22-dog-nova-bus-setting-up-a-bus-r15 sha=5298f6be12ea — read `nova-bus Setting up a bus` against docs/CLI.md:393-433 and say CLEAN or DRIFT	DOGFOOD: run the documented example yourself on a bench (installed 12119912) and compare with CLEAN/DRIFT/ABSTAIN; an ABSTAIN must name a real reason.	Johnny	results/card-tools22-dog-nova-bus-setting-up-a-bus-r15/RESULT.md
card-tools22-dog-nova-bus-setting-up-a-bus-r16	tools22-dog	deepseek/deepseek-v4-flash	RESULT tools22-dog-nova-bus-setting-up-a-bus-r16 sha=5298f6be12ea — read `nova-bus Setting up a bus` against docs/CLI.md:393-433 and say CLEAN or DRIFT	DOGFOOD: run the documented example yourself on a bench (installed 12119912) and compare with CLEAN/DRIFT/ABSTAIN; an ABSTAIN must name a real reason.	Johnny	results/card-tools22-dog-nova-bus-setting-up-a-bus-r16/RESULT.md
card-tools22-dog-nova-bus-setting-up-a-bus-r17	tools22-dog	qwen/qwen3.7-flash	RESULT tools22-dog-nova-bus-setting-up-a-bus-r17 sha=5298f6be12ea	DOGFOOD: run the documented example yourself on a bench (installed 12119912) and compare with CLEAN/DRIFT/ABSTAIN; an ABSTAIN must name a real reason.	Johnny	results/card-tools22-dog-nova-bus-setting-up-a-bus-r17/RESULT.md
card-tools22-dog-nova-bus-setting-up-a-bus-r18	tools22-dog	qwen/qwen3.7-flash	RESULT tools22-dog-nova-bus-setting-up-a-bus-r18 sha=5298f6be12ea — read `nova-bus Setting up a bus` against docs/CLI.md:393-433 and say CLEAN or DRIFT	DOGFOOD: run the documented example yourself on a bench (installed 12119912) and compare with CLEAN/DRIFT/ABSTAIN; an ABSTAIN must name a real reason.	Johnny	results/card-tools22-dog-nova-bus-setting-up-a-bus-r18/RESULT.md
card-tools22-dog-nova-bus-setting-up-a-bus-r19	tools22-dog	qwen/qwen3.7-flash	RESULT tools22-dog-nova-bus-setting-up-a-bus-r19 sha=5298f6be12ea — read `nova-bus Setting up a bus` against docs/CLI.md:393-433 and say CLEAN or DRIFT	DOGFOOD: run the documented example yourself on a bench (installed 12119912) and compare with CLEAN/DRIFT/ABSTAIN; an ABSTAIN must name a real reason.	Johnny	results/card-tools22-dog-nova-bus-setting-up-a-bus-r19/RESULT.md
card-tools22-dog-nova-bus-setting-up-a-bus-r2	tools22-dog	deepseek-v4-flash	RESULT tools22-dog-nova-bus-setting-up-a-bus-r2 sha=5298f6be12ea — read `nova-bus Setting up a bus` against docs/CLI.md:393-433 and say CLEAN or DRIFT	DOGFOOD: run the documented example yourself on a bench (installed 12119912) and compare with CLEAN/DRIFT/ABSTAIN; an ABSTAIN must name a real reason.	Johnny	results/card-tools22-dog-nova-bus-setting-up-a-bus-r2/RESULT.md
card-tools22-dog-nova-bus-setting-up-a-bus-r20	tools22-dog	deepseek-v4-flash	RESULT tools22-dog-nova-bus-setting-up-a-bus-r20 sha=5298f6be12ea — read `nova-bus Setting up a bus` against docs/CLI.md:393-433 and say CLEAN or DRIFT	DOGFOOD: run the documented example yourself on a bench (installed 12119912) and compare with CLEAN/DRIFT/ABSTAIN; an ABSTAIN must name a real reason.	Johnny	results/card-tools22-dog-nova-bus-setting-up-a-bus-r20/RESULT.md
card-tools22-dog-nova-bus-setting-up-a-bus-r21	tools22-dog	deepseek-v4-flash	RESULT tools22-dog-nova-bus-setting-up-a-bus-r21 sha=5298f6be12ea — read `nova-bus Setting up a bus` against docs/CLI.md:393-433 and say CLEAN or DRIFT	DOGFOOD: run the documented example yourself on a bench (installed 12119912) and compare with CLEAN/DRIFT/ABSTAIN; an ABSTAIN must name a real reason.	Johnny	results/card-tools22-dog-nova-bus-setting-up-a-bus-r21/RESULT.md
card-tools22-dog-nova-bus-setting-up-a-bus-r22	tools22-dog	qwen/qwen3.7-flash	RESULT tools22-dog-nova-bus-setting-up-a-bus-r22 sha=5298f6be12ea	DOGFOOD: run the documented example yourself on a bench (installed 12119912) and compare with CLEAN/DRIFT/ABSTAIN; an ABSTAIN must name a real reason.	Johnny	results/card-tools22-dog-nova-bus-setting-up-a-bus-r22/RESULT.md
card-tools22-dog-nova-bus-setting-up-a-bus-r23	tools22-dog	qwen/qwen3.7-flash	RESULT tools22-dog-nova-bus-setting-up-a-bus-r23 sha=5298f6be12ea — read `nova-bus Setting up a bus` against docs/CLI.md:393-433 and say CLEAN or DRIFT	DOGFOOD: run the documented example yourself on a bench (installed 12119912) and compare with CLEAN/DRIFT/ABSTAIN; an ABSTAIN must name a real reason.	Johnny	results/card-tools22-dog-nova-bus-setting-up-a-bus-r23/RESULT.md
card-tools22-dog-nova-bus-setting-up-a-bus-r24	tools22-dog	deepseek-v4-flash	RESULT tools22-dog-nova-bus-setting-up-a-bus-r24 sha=5298f6be12ea — read `nova-bus Setting up a bus` against docs/CLI.md:393-433 and say CLEAN or DRIFT	DOGFOOD: run the documented example yourself on a bench (installed 12119912) and compare with CLEAN/DRIFT/ABSTAIN; an ABSTAIN must name a real reason.	Johnny	results/card-tools22-dog-nova-bus-setting-up-a-bus-r24/RESULT.md
card-tools22-dog-nova-bus-setting-up-a-bus-r3	tools22-dog	deepseek-v4-flash	RESULT tools22-dog-nova-bus-setting-up-a-bus-r3 sha=5298f6be12ea — read `nova-bus Setting up a bus` against docs/CLI.md:393-433 and say CLEAN or DRIFT	DOGFOOD: run the documented example yourself on a bench (installed 12119912) and compare with CLEAN/DRIFT/ABSTAIN; an ABSTAIN must name a real reason.	Johnny	results/card-tools22-dog-nova-bus-setting-up-a-bus-r3/RESULT.md
card-tools22-dog-nova-bus-setting-up-a-bus-r4	tools22-dog	deepseek/deepseek-v4-flash	RESULT tools22-dog-nova-bus-setting-up-a-bus-r4 sha=5298f6be12ea — read `nova-bus Setting up a bus` against docs/CLI.md:393-433 and say CLEAN or DRIFT	DOGFOOD: run the documented example yourself on a bench (installed 12119912) and compare with CLEAN/DRIFT/ABSTAIN; an ABSTAIN must name a real reason.	Johnny	results/card-tools22-dog-nova-bus-setting-up-a-bus-r4/RESULT.md
card-tools22-dog-nova-bus-setting-up-a-bus-r5	tools22-dog	deepseek/deepseek-v4-flash	RESULT tools22-dog-nova-bus-setting-up-a-bus-r5 sha=5298f6be12ea — read `nova-bus Setting up a bus` against docs/CLI.md:393-433 and say CLEAN or DRIFT	DOGFOOD: run the documented example yourself on a bench (installed 12119912) and compare with CLEAN/DRIFT/ABSTAIN; an ABSTAIN must name a real reason.	Johnny	results/card-tools22-dog-nova-bus-setting-up-a-bus-r5/RESULT.md
card-tools22-dog-nova-bus-setting-up-a-bus-r6	tools22-dog	mercury-2.5	RESULT tools22-dog-nova-bus-setting-up-a-bus-r6 sha=5298f6be12ea — read `nova-bus Setting up a bus` against docs/CLI.md:393-433 and say CLEAN or DRIFT	DOGFOOD: run the documented example yourself on a bench (installed 12119912) and compare with CLEAN/DRIFT/ABSTAIN; an ABSTAIN must name a real reason.	Johnny	results/card-tools22-dog-nova-bus-setting-up-a-bus-r6/RESULT.md
card-tools22-dog-nova-bus-setting-up-a-bus-r7	tools22-dog	mercury-2.5	RESULT tools22-dog-nova-bus-setting-up-a-bus-r7 sha=5298f6be12ea — read `nova-bus Setting up a bus` against docs/CLI.md:393-433 and say CLEAN or DRIFT	DOGFOOD: run the documented example yourself on a bench (installed 12119912) and compare with CLEAN/DRIFT/ABSTAIN; an ABSTAIN must name a real reason.	Johnny	results/card-tools22-dog-nova-bus-setting-up-a-bus-r7/RESULT.md
card-tools22-dog-nova-bus-setting-up-a-bus-r8	tools22-dog	mercury-2.5	RESULT tools22-dog-nova-bus-setting-up-a-bus-r8 sha=5298f6be12ea — read `nova-bus Setting up a bus` against docs/CLI.md:393-433 and say CLEAN or DRIFT	DOGFOOD: run the documented example yourself on a bench (installed 12119912) and compare with CLEAN/DRIFT/ABSTAIN; an ABSTAIN must name a real reason.	Johnny	results/card-tools22-dog-nova-bus-setting-up-a-bus-r8/RESULT.md
card-tools22-dog-nova-bus-setting-up-a-bus-r9	tools22-dog	mercury-2.5	RESULT tools22-dog-nova-bus-setting-up-a-bus-r9 sha=5298f6be12ea — read `nova-bus Setting up a bus` against docs/CLI.md:393-433 and say CLEAN or DRIFT	DOGFOOD: run the documented example yourself on a bench (installed 12119912) and compare with CLEAN/DRIFT/ABSTAIN; an ABSTAIN must name a real reason.	Johnny	results/card-tools22-dog-nova-bus-setting-up-a-bus-r9/RESULT.md
card-tools22-dog-nova-bus-the-cursor-r1	tools22-dog	deepseek-v4-flash	RESULT tools22-dog-nova-bus-the-cursor-r1 sha=5298f6be12ea — read `nova-bus The cursor` against docs/CLI.md:522-527 and say CLEAN or DRIFT	DOGFOOD: run the documented example yourself on a bench (installed 12119912) and compare with CLEAN/DRIFT/ABSTAIN; an ABSTAIN must name a real reason.	Johnny	results/card-tools22-dog-nova-bus-the-cursor-r1/RESULT.md
card-tools22-dog-nova-bus-the-cursor-r10	tools22-dog	qwen/qwen3.7-flash	RESULT tools22-dog-nova-bus-the-cursor-r10 sha=5298f6be12ea — read `nova-bus The cursor` against docs/CLI.md:522-527 and say CLEAN or DRIFT	DOGFOOD: run the documented example yourself on a bench (installed 12119912) and compare with CLEAN/DRIFT/ABSTAIN; an ABSTAIN must name a real reason.	Johnny	results/card-tools22-dog-nova-bus-the-cursor-r10/RESULT.md
card-tools22-dog-nova-bus-the-cursor-r11	tools22-dog	qwen/qwen3.7-flash	RESULT tools22-dog-nova-bus-the-cursor-r11 sha=5298f6be12ea — read `nova-bus The cursor` against docs/CLI.md:522-527 and say CLEAN or DRIFT	DOGFOOD: run the documented example yourself on a bench (installed 12119912) and compare with CLEAN/DRIFT/ABSTAIN; an ABSTAIN must name a real reason.	Johnny	results/card-tools22-dog-nova-bus-the-cursor-r11/RESULT.md
card-tools22-dog-nova-bus-the-cursor-r12	tools22-dog	deepseek-v4-flash	RESULT tools22-dog-nova-bus-the-cursor-r12 sha=5298f6be12ea — read `nova-bus The cursor` against docs/CLI.md:522-527 and say CLEAN or DRIFT	DOGFOOD: run the documented example yourself on a bench (installed 12119912) and compare with CLEAN/DRIFT/ABSTAIN; an ABSTAIN must name a real reason.	Johnny	results/card-tools22-dog-nova-bus-the-cursor-r12/RESULT.md
card-tools22-dog-nova-bus-the-cursor-r13	tools22-dog	deepseek/deepseek-v4-flash	RESULT tools22-dog-nova-bus-the-cursor-r13 sha=5298f6be12ea — read `nova-bus The cursor` against docs/CLI.md:522-527 and say CLEAN or DRIFT	DOGFOOD: run the documented example yourself on a bench (installed 12119912) and compare with CLEAN/DRIFT/ABSTAIN; an ABSTAIN must name a real reason.	Johnny	results/card-tools22-dog-nova-bus-the-cursor-r13/RESULT.md
card-tools22-dog-nova-bus-the-cursor-r17	tools22-dog	deepseek/deepseek-v4-flash	RESULT tools22-dog-nova-bus-the-cursor-r17 sha=5298f6be12ea — read `nova-bus The cursor` against docs/CLI.md:522-527 and say CLEAN or DRIFT	DOGFOOD: run the documented example yourself on a bench (installed 12119912) and compare with CLEAN/DRIFT/ABSTAIN; an ABSTAIN must name a real reason.	Johnny	results/card-tools22-dog-nova-bus-the-cursor-r17/RESULT.md
card-tools22-dog-nova-bus-the-cursor-r18	tools22-dog	deepseek-v4-flash	RESULT tools22-dog-nova-bus-the-cursor-r18 sha=5298f6be12ea — read `nova-bus The cursor` against docs/CLI.md:522-527 and say CLEAN or DRIFT	DOGFOOD: run the documented example yourself on a bench (installed 12119912) and compare with CLEAN/DRIFT/ABSTAIN; an ABSTAIN must name a real reason.	Johnny	results/card-tools22-dog-nova-bus-the-cursor-r18/RESULT.md
card-tools22-dog-nova-bus-the-cursor-r19	tools22-dog	deepseek/deepseek-v4-flash	RESULT tools22-dog-nova-bus-the-cursor-r19 sha=5298f6be12ea — read `nova-bus The cursor` against docs/CLI.md:522-527 and say CLEAN or DRIFT	DOGFOOD: run the documented example yourself on a bench (installed 12119912) and compare with CLEAN/DRIFT/ABSTAIN; an ABSTAIN must name a real reason.	Johnny	results/card-tools22-dog-nova-bus-the-cursor-r19/RESULT.md
card-tools22-dog-nova-bus-the-cursor-r2	tools22-dog	qwen/qwen3.7-flash	RESULT tools22-dog-nova-bus-the-cursor-r2 sha=5298f6be12ea — read `nova-bus The cursor` against docs/CLI.md:522-527 and say CLEAN or DRIFT	DOGFOOD: run the documented example yourself on a bench (installed 12119912) and compare with CLEAN/DRIFT/ABSTAIN; an ABSTAIN must name a real reason.	Johnny	results/card-tools22-dog-nova-bus-the-cursor-r2/RESULT.md
card-tools22-dog-nova-bus-the-cursor-r20	tools22-dog	deepseek/deepseek-v4-flash	RESULT tools22-dog-nova-bus-the-cursor-r20 sha=5298f6be12ea — read `nova-bus The cursor` against docs/CLI.md:522-527 and say CLEAN or DRIFT	DOGFOOD: run the documented example yourself on a bench (installed 12119912) and compare with CLEAN/DRIFT/ABSTAIN; an ABSTAIN must name a real reason.	Johnny	results/card-tools22-dog-nova-bus-the-cursor-r20/RESULT.md
card-tools22-dog-nova-bus-the-cursor-r21	tools22-dog	deepseek/deepseek-v4-flash	RESULT tools22-dog-nova-bus-the-cursor-r21 sha=5298f6be12ea — read `nova-bus The cursor` against docs/CLI.md:522-527 and say CLEAN or DRIFT	DOGFOOD: run the documented example yourself on a bench (installed 12119912) and compare with CLEAN/DRIFT/ABSTAIN; an ABSTAIN must name a real reason.	Johnny	results/card-tools22-dog-nova-bus-the-cursor-r21/RESULT.md
card-tools22-dog-nova-bus-the-cursor-r22	tools22-dog	mercury-2.5	RESULT tools22-dog-nova-bus-the-cursor-r22 sha=5298f6be12ea — read `nova-bus The cursor` against docs/CLI.md:522-527 and say CLEAN or DRIFT	DOGFOOD: run the documented example yourself on a bench (installed 12119912) and compare with CLEAN/DRIFT/ABSTAIN; an ABSTAIN must name a real reason.	Johnny	results/card-tools22-dog-nova-bus-the-cursor-r22/RESULT.md
card-tools22-dog-nova-bus-the-cursor-r23	tools22-dog	mercury-2.5	RESULT tools22-dog-nova-bus-the-cursor-r23 sha=5298f6be12ea — read `nova-bus The cursor` against docs/CLI.md:522-527 and say CLEAN or DRIFT	DOGFOOD: run the documented example yourself on a bench (installed 12119912) and compare with CLEAN/DRIFT/ABSTAIN; an ABSTAIN must name a real reason.	Johnny	results/card-tools22-dog-nova-bus-the-cursor-r23/RESULT.md
card-tools22-dog-nova-bus-the-cursor-r24	tools22-dog	qwen/qwen3.7-flash	RESULT tools22-dog-nova-bus-the-cursor-r24 sha=5298f6be12ea	DOGFOOD: run the documented example yourself on a bench (installed 12119912) and compare with CLEAN/DRIFT/ABSTAIN; an ABSTAIN must name a real reason.	Johnny	results/card-tools22-dog-nova-bus-the-cursor-r24/RESULT.md
card-tools22-dog-nova-bus-the-cursor-r3	tools22-dog	deepseek-v4-flash	RESULT tools22-dog-nova-bus-the-cursor-r3 sha=5298f6be12ea — read `nova-bus The cursor` against docs/CLI.md:522-527 and say CLEAN or DRIFT	DOGFOOD: run the documented example yourself on a bench (installed 12119912) and compare with CLEAN/DRIFT/ABSTAIN; an ABSTAIN must name a real reason.	Johnny	results/card-tools22-dog-nova-bus-the-cursor-r3/RESULT.md
card-tools22-dog-nova-bus-the-cursor-r4	tools22-dog	deepseek/deepseek-v4-flash	RESULT tools22-dog-nova-bus-the-cursor-r4 sha=5298f6be12ea — read `nova-bus The cursor` against docs/CLI.md:522-527 and say CLEAN or DRIFT	DOGFOOD: run the documented example yourself on a bench (installed 12119912) and compare with CLEAN/DRIFT/ABSTAIN; an ABSTAIN must name a real reason.	Johnny	results/card-tools22-dog-nova-bus-the-cursor-r4/RESULT.md
card-tools22-dog-nova-bus-the-cursor-r5	tools22-dog	qwen/qwen3.7-flash	RESULT tools22-dog-nova-bus-the-cursor-r5 sha=5298f6be12ea	DOGFOOD: run the documented example yourself on a bench (installed 12119912) and compare with CLEAN/DRIFT/ABSTAIN; an ABSTAIN must name a real reason.	Johnny	results/card-tools22-dog-nova-bus-the-cursor-r5/RESULT.md
card-tools22-dog-nova-bus-the-cursor-r7	tools22-dog	qwen/qwen3.7-flash	RESULT tools22-dog-nova-bus-the-cursor-r7 sha=5298f6be12ea — read	DOGFOOD: run the documented example yourself on a bench (installed 12119912) and compare with CLEAN/DRIFT/ABSTAIN; an ABSTAIN must name a real reason.	Johnny	results/card-tools22-dog-nova-bus-the-cursor-r7/RESULT.md
card-tools22-dog-nova-bus-the-cursor-r8	tools22-dog	deepseek/deepseek-v4-flash	RESULT tools22-dog-nova-bus-the-cursor-r8 sha=5298f6be12ea — read `nova-bus The cursor` against docs/CLI.md:522-527 and say CLEAN or DRIFT	DOGFOOD: run the documented example yourself on a bench (installed 12119912) and compare with CLEAN/DRIFT/ABSTAIN; an ABSTAIN must name a real reason.	Johnny	results/card-tools22-dog-nova-bus-the-cursor-r8/RESULT.md
card-tools22-dog-nova-bus-the-cursor-r9	tools22-dog	deepseek/deepseek-v4-flash	RESULT tools22-dog-nova-bus-the-cursor-r9 sha=5298f6be12ea — read `nova-bus The cursor` against docs/CLI.md:522-527 and say CLEAN or DRIFT	DOGFOOD: run the documented example yourself on a bench (installed 12119912) and compare with CLEAN/DRIFT/ABSTAIN; an ABSTAIN must name a real reason.	Johnny	results/card-tools22-dog-nova-bus-the-cursor-r9/RESULT.md
card-tools22-dog-nova-bus-the-rule-this-tool-does-r1	tools22-dog	deepseek/deepseek-v4-flash	RESULT tools22-dog-nova-bus-the-rule-this-tool-does-r1 sha=5298f6be12ea — read `nova-bus The rule this tool does not enforce` against docs/CLI.md:560-563 and sa	DOGFOOD: run the documented example yourself on a bench (installed 12119912) and compare with CLEAN/DRIFT/ABSTAIN; an ABSTAIN must name a real reason.	Johnny	results/card-tools22-dog-nova-bus-the-rule-this-tool-does-r1/RESULT.md
card-tools22-dog-nova-bus-the-rule-this-tool-does-r11	tools22-dog	deepseek-v4-flash	RESULT tools22-dog-nova-bus-the-rule-this-tool-does-r11 sha=5298f6be12ea — read `nova-bus The rule this tool does not enforce` against docs/CLI.md:560-563 and s	DOGFOOD: run the documented example yourself on a bench (installed 12119912) and compare with CLEAN/DRIFT/ABSTAIN; an ABSTAIN must name a real reason.	Johnny	results/card-tools22-dog-nova-bus-the-rule-this-tool-does-r11/RESULT.md
card-tools22-dog-nova-bus-the-rule-this-tool-does-r12	tools22-dog	deepseek-v4-flash	RESULT tools22-dog-nova-bus-the-rule-this-tool-does-r12 sha=5298f6be12ea	DOGFOOD: run the documented example yourself on a bench (installed 12119912) and compare with CLEAN/DRIFT/ABSTAIN; an ABSTAIN must name a real reason.	Johnny	results/card-tools22-dog-nova-bus-the-rule-this-tool-does-r12/RESULT.md
card-tools22-dog-nova-bus-the-rule-this-tool-does-r13	tools22-dog	qwen/qwen3.7-flash	RESULT tools22-dog-nova-bus-the-rule-this-tool-does-r13 sha=5298f6be12ea — read `nova-bus The rule this tool does not enforce` against docs/CLI.md:560-563 and s	DOGFOOD: run the documented example yourself on a bench (installed 12119912) and compare with CLEAN/DRIFT/ABSTAIN; an ABSTAIN must name a real reason.	Johnny	results/card-tools22-dog-nova-bus-the-rule-this-tool-does-r13/RESULT.md
card-tools22-dog-nova-bus-the-rule-this-tool-does-r14	tools22-dog	deepseek-v4-flash	RESULT tools22-dog-nova-bus-the-rule-this-tool-does-r14 sha=5298f6be12ea	DOGFOOD: run the documented example yourself on a bench (installed 12119912) and compare with CLEAN/DRIFT/ABSTAIN; an ABSTAIN must name a real reason.	Johnny	results/card-tools22-dog-nova-bus-the-rule-this-tool-does-r14/RESULT.md
card-tools22-dog-nova-bus-the-rule-this-tool-does-r15	tools22-dog	mercury-2.5	RESULT tools22-dog-nova-bus-the-rule-this-tool-does-r15 sha=5298f6be12ea — read `nova-bus The rule this tool does not enforce` against docs/CLI.md:560-563 and s	DOGFOOD: run the documented example yourself on a bench (installed 12119912) and compare with CLEAN/DRIFT/ABSTAIN; an ABSTAIN must name a real reason.	Johnny	results/card-tools22-dog-nova-bus-the-rule-this-tool-does-r15/RESULT.md
card-tools22-dog-nova-bus-the-rule-this-tool-does-r16	tools22-dog	deepseek/deepseek-v4-flash	"""RESULT tools22-dog-nova-bus-the-rule-this-tool-does-r16 sha=5298f6be12ea — read `nova-bus The rule this tool does not enforce` against docs/CLI.md:560-563 and "	DOGFOOD: run the documented example yourself on a bench (installed 12119912) and compare with CLEAN/DRIFT/ABSTAIN; an ABSTAIN must name a real reason.	Johnny	results/card-tools22-dog-nova-bus-the-rule-this-tool-does-r16/RESULT.md
card-tools22-dog-nova-bus-the-rule-this-tool-does-r17	tools22-dog	deepseek/deepseek-v4-flash	RESULT tools22-dog-nova-bus-the-rule-this-tool-does-r17 sha=5298f6be12ea — read `nova-bus The rule this tool does not enforce` against docs/CLI.md:560-563 and s	DOGFOOD: run the documented example yourself on a bench (installed 12119912) and compare with CLEAN/DRIFT/ABSTAIN; an ABSTAIN must name a real reason.	Johnny	results/card-tools22-dog-nova-bus-the-rule-this-tool-does-r17/RESULT.md
card-tools22-dog-nova-bus-the-rule-this-tool-does-r18	tools22-dog	deepseek/deepseek-v4-flash	RESULT tools22-dog-nova-bus-the-rule-this-tool-does-r18 sha=5298f6be12ea — read `nova-bus The rule this tool does not enforce` against docs/CLI.md:560-563 and s	DOGFOOD: run the documented example yourself on a bench (installed 12119912) and compare with CLEAN/DRIFT/ABSTAIN; an ABSTAIN must name a real reason.	Johnny	results/card-tools22-dog-nova-bus-the-rule-this-tool-does-r18/RESULT.md
card-tools22-dog-nova-bus-the-rule-this-tool-does-r19	tools22-dog	deepseek/deepseek-v4-flash	RESULT tools22-dog-nova-bus-the-rule-this-tool-does-r19 sha=5298f6be12ea — read `nova-bus The rule this tool does not enforce` against docs/CLI.md:560-563 and s	DOGFOOD: run the documented example yourself on a bench (installed 12119912) and compare with CLEAN/DRIFT/ABSTAIN; an ABSTAIN must name a real reason.	Johnny	results/card-tools22-dog-nova-bus-the-rule-this-tool-does-r19/RESULT.md
card-tools22-dog-nova-bus-the-rule-this-tool-does-r2	tools22-dog	mercury-2.5	RESULT tools22-dog-nova-bus-the-rule-this-tool-does-r2 sha=5298f6be12ea — read `nova-bus The rule this tool does not enforce` against docs/CLI.md:560-563 and sa	DOGFOOD: run the documented example yourself on a bench (installed 12119912) and compare with CLEAN/DRIFT/ABSTAIN; an ABSTAIN must name a real reason.	Johnny	results/card-tools22-dog-nova-bus-the-rule-this-tool-does-r2/RESULT.md
card-tools22-dog-nova-bus-the-rule-this-tool-does-r20	tools22-dog	mercury-2.5	RESULT tools22-dog-nova-bus-the-rule-this-tool-does-r20 sha=5298f6be12ea — read `nova-bus The rule this tool does not enforce` against docs/CLI.md:560-563 and s	DOGFOOD: run the documented example yourself on a bench (installed 12119912) and compare with CLEAN/DRIFT/ABSTAIN; an ABSTAIN must name a real reason.	Johnny	results/card-tools22-dog-nova-bus-the-rule-this-tool-does-r20/RESULT.md
card-tools22-dog-nova-bus-the-rule-this-tool-does-r21	tools22-dog	mercury-2.5	RESULT tools22-dog-nova-bus-the-rule-this-tool-does-r21 sha=5298f6be12ea — read `nova-bus The rule this tool does not enforce` against docs/CLI.md:560-563 and s	DOGFOOD: run the documented example yourself on a bench (installed 12119912) and compare with CLEAN/DRIFT/ABSTAIN; an ABSTAIN must name a real reason.	Johnny	results/card-tools22-dog-nova-bus-the-rule-this-tool-does-r21/RESULT.md
card-tools22-dog-nova-bus-the-rule-this-tool-does-r23	tools22-dog	deepseek/deepseek-v4-flash	RESULT tools22-dog-nova-bus-the-rule-this-tool-does-r23 sha=5298f6be12ea — read `nova-bus The rule this tool does not enforce` against docs/CLI.md:560-563 and s	DOGFOOD: run the documented example yourself on a bench (installed 12119912) and compare with CLEAN/DRIFT/ABSTAIN; an ABSTAIN must name a real reason.	Johnny	results/card-tools22-dog-nova-bus-the-rule-this-tool-does-r23/RESULT.md
card-tools22-dog-nova-bus-the-rule-this-tool-does-r24	tools22-dog	deepseek-v4-flash	RESULT tools22-dog-nova-bus-the-rule-this-tool-does-r24 sha=5298f6be12ea — read `nova-bus The rule this tool does not enforce` against docs/CLI.md:560-563 and s	DOGFOOD: run the documented example yourself on a bench (installed 12119912) and compare with CLEAN/DRIFT/ABSTAIN; an ABSTAIN must name a real reason.	Johnny	results/card-tools22-dog-nova-bus-the-rule-this-tool-does-r24/RESULT.md
card-tools22-guard-0878987f-r3	tools22-guard	deepseek-v4-flash	RESULT tools22-guard-0878987f-r2 sha=5298f6be12ea — does a test guard dev commit 0878987f? (integration-16u: #1748 — batch and land refuse a held member, --lane	GUARD: revert the named dev commit locally, run the named test: GUARDED means red.	Stella	results/card-tools22-guard-0878987f-r3/RESULT.md
card-tools22-pre-1262-r5	tools22-pre	-	RESULT tools22-pre-1262-r2 sha=5298f6be12ea — a pre-read of mas-bandwidth/nova-tools#1262 at head effb0335ab5b: CARD-9339 nova-tools tests never copy a built ex	"PREREAD: open the PR diff; every claimed defect line must exist in the diff and be a defect; every ""proven"" claim must be visible; note if the PR head moved since."	Johnny	results/card-tools22-pre-1262-r5/RESULT.md
card-tools22-pre-1265-r5	tools22-pre	-	RESULT tools22-pre-1265-r2 sha=5298f6be12ea — a pre-read of mas-bandwidth/nova-tools#1265 at head 0ece2778e8b5: docs: preserve packet cores and bound capability	"PREREAD: open the PR diff; every claimed defect line must exist in the diff and be a defect; every ""proven"" claim must be visible; note if the PR head moved since."	Johnny	results/card-tools22-pre-1265-r5/RESULT.md
card-tools22-pre-1274-r3	tools22-pre	-	RESULT tools22-pre-1274-r1 sha=5298f6be12ea — a pre-read of mas-bandwidth/nova-tools#1274 at head 32083a2b6b9a: CARD-9301 nova-tools slice 3 of SPEC-JOBS: Pull 	"PREREAD: open the PR diff; every claimed defect line must exist in the diff and be a defect; every ""proven"" claim must be visible; note if the PR head moved since."	Johnny	results/card-tools22-pre-1274-r3/RESULT.md
card-tools22-pre-1340-r5	tools22-pre	-	RESULT tools22-pre-1340-r1 sha=5298f6be12ea — a pre-read of mas-bandwidth/nova-tools#1340 at head a60b9f7b4eb6: docs: batches 4–6 (draft for Stella)	"PREREAD: open the PR diff; every claimed defect line must exist in the diff and be a defect; every ""proven"" claim must be visible; note if the PR head moved since."	Johnny	results/card-tools22-pre-1340-r5/RESULT.md
card-tools22-pre-1358-r3	tools22-pre	qwen/qwen3.7-flash	PREREAD 1358 claims=5 proven=4 unproven=1 defects=0 high=0	"PREREAD: open the PR diff; every claimed defect line must exist in the diff and be a defect; every ""proven"" claim must be visible; note if the PR head moved since."	Johnny	results/card-tools22-pre-1358-r3/RESULT.md
card-tools22-pre-1359-r3	tools22-pre	-	RESULT tools22-pre-1359-r2 sha=5298f6be12ea — a pre-read of mas-bandwidth/nova-tools#1359 at head 660a9bf61775: events: batch, queue, react and fill emit into t	"PREREAD: open the PR diff; every claimed defect line must exist in the diff and be a defect; every ""proven"" claim must be visible; note if the PR head moved since."	Johnny	results/card-tools22-pre-1359-r3/RESULT.md
card-tools22-pre-1383-r5	tools22-pre	-	RESULT tools22-pre-1383-r1 sha=5298f6be12ea — a pre-read of mas-bandwidth/nova-tools#1383 at head f8bb71ee5d21 — merge lane: dogfood round 5 — audit reads by de	"PREREAD: open the PR diff; every claimed defect line must exist in the diff and be a defect; every ""proven"" claim must be visible; note if the PR head moved since."	Johnny	results/card-tools22-pre-1383-r5/RESULT.md
card-tools22-pre-1406-r3	tools22-pre	-	"""RESULT tools22-pre-1406-r1 sha=5298f6be12ea — a pre-read of mas-bandwidth/nova-tools#1406 at head ed0f13f702ee: certify: the six-hourly agent had nowhere to se"	"PREREAD: open the PR diff; every claimed defect line must exist in the diff and be a defect; every ""proven"" claim must be visible; note if the PR head moved since."	Johnny	results/card-tools22-pre-1406-r3/RESULT.md
card-tools22-pre-1412-r3	tools22-pre	-	RESULT tools22-pre-1412-r1 sha=5298f6be12ea — a pre-read of mas-bandwidth/nova-tools#1412 at head b49fb99b52f8: ci: TestNoUncheckedFieldsIndex, the class behind	"PREREAD: open the PR diff; every claimed defect line must exist in the diff and be a defect; every ""proven"" claim must be visible; note if the PR head moved since."	Johnny	results/card-tools22-pre-1412-r3/RESULT.md
card-tools22-pre-1414-r3	tools22-pre	-	RESULT tools22-pre-1414-r1 sha=5298f6be12ea — a pre-read of mas-bandwidth/nova-tools#1414 at head 2a95a1f145fa: internal/ci: every refusal line carries a remedy	"PREREAD: open the PR diff; every claimed defect line must exist in the diff and be a defect; every ""proven"" claim must be visible; note if the PR head moved since."	Johnny	results/card-tools22-pre-1414-r3/RESULT.md
card-tools22-pre-1416-r3	tools22-pre	-	RESULT tools22-pre-1416-r1 sha=5298f6be12ea — a pre-read of mas-bandwidth/nova-tools#1416 at head f1ac5fddb09d: nova-pulse fill serves a darwin bench: the seams	"PREREAD: open the PR diff; every claimed defect line must exist in the diff and be a defect; every ""proven"" claim must be visible; note if the PR head moved since."	Johnny	results/card-tools22-pre-1416-r3/RESULT.md
card-tools22-pre-1423-r3	tools22-pre	-	RESULT tools22-pre-1423-r1 sha=5298f6be12ea — a pre-read of mas-bandwidth/nova-tools#1423 at head ff550b351df3: release: cut and build run the dogfood gate firs	"PREREAD: open the PR diff; every claimed defect line must exist in the diff and be a defect; every ""proven"" claim must be visible; note if the PR head moved since."	Johnny	results/card-tools22-pre-1423-r3/RESULT.md
card-tools22-pre-1424-r3	tools22-pre	-	RESULT tools22-pre-1424-r1 sha=5298f6be12ea — a pre-read of mas-bandwidth/nova-tools#1424 at head 5ed14cae3e7f: bus: --host, the Host header, and host= on the i	"PREREAD: open the PR diff; every claimed defect line must exist in the diff and be a defect; every ""proven"" claim must be visible; note if the PR head moved since."	Johnny	results/card-tools22-pre-1424-r3/RESULT.md
card-tools22-pre-1424-r5	tools22-pre	deepseek-v4-flash	RESULT tools22-pre-1424-r1 sha=5298f6be12ea — a pre-read of mas-bandwidth/nova-tools#1424 at head 5ed14cae3e7f: bus: --host, the Host header, and host= on the i	"PREREAD: open the PR diff; every claimed defect line must exist in the diff and be a defect; every ""proven"" claim must be visible; note if the PR head moved since."	Johnny	results/card-tools22-pre-1424-r5/RESULT.md
card-tools22-pre-1425-r3	tools22-pre	-	RESULT tools22-pre-1425-r4 sha=5298f6be12ea — a pre-read of mas-bandwidth/nova-tools#1425 at head 305f2a686bd9: docs: first-run transcripts for twenty verbs, an	"PREREAD: open the PR diff; every claimed defect line must exist in the diff and be a defect; every ""proven"" claim must be visible; note if the PR head moved since."	Johnny	results/card-tools22-pre-1425-r3/RESULT.md
card-tools22-pre-1427-r5	tools22-pre	-	RESULT tools22-pre-1427-r1 sha=5298f6be12ea — a pre-read of mas-bandwidth/nova-tools#1427 at head ab12e1b2058c: pulse hygiene: --lane-dirs, the lane-clone sweep	"PREREAD: open the PR diff; every claimed defect line must exist in the diff and be a defect; every ""proven"" claim must be visible; note if the PR head moved since."	Johnny	results/card-tools22-pre-1427-r5/RESULT.md
card-tools22-pre-1430-r5	tools22-pre	-	RESULT tools22-pre-1430-r4 sha=5298f6be12ea — a pre-read of mas-bandwidth/nova-tools#1430 at head f3e2426d0624: pulse: the card gate, the queue lock, and one ve	"PREREAD: open the PR diff; every claimed defect line must exist in the diff and be a defect; every ""proven"" claim must be visible; note if the PR head moved since."	Johnny	results/card-tools22-pre-1430-r5/RESULT.md
card-tools22-pre-1431-r3	tools22-pre	-	RESULT tools22-pre-1431-r4 sha=5298f6be12ea — a pre-read of mas-bandwidth/nova-tools#1431 at head 7491b95f9372: tokens: fold --units, the units column, sum --by	"PREREAD: open the PR diff; every claimed defect line must exist in the diff and be a defect; every ""proven"" claim must be visible; note if the PR head moved since."	Johnny	results/card-tools22-pre-1431-r3/RESULT.md
card-tools22-pre-1433-r3	tools22-pre	-	RESULT tools22-pre-1433-r4 sha=5298f6be12ea — a pre-read of mas-bandwidth/nova-tools#1433 at head 6be42131a2af: wake: one eager build for the package's test pro	"PREREAD: open the PR diff; every claimed defect line must exist in the diff and be a defect; every ""proven"" claim must be visible; note if the PR head moved since."	Johnny	results/card-tools22-pre-1433-r3/RESULT.md
card-tools22-pre-1438-r3	tools22-pre	-	RESULT tools22-pre-1438-r4 sha=5298f6be12ea — a pre-read of mas-bandwidth/nova-tools#1438 at head 4e3ed0c1320b: nova-decide: the ladder inside First run, and a 	"PREREAD: open the PR diff; every claimed defect line must exist in the diff and be a defect; every ""proven"" claim must be visible; note if the PR head moved since."	Johnny	results/card-tools22-pre-1438-r3/RESULT.md
card-tools22-pre-1439-r3	tools22-pre	-	RESULT tools22-pre-1439-r4 sha=5298f6be12ea — a pre-read of mas-bandwidth/nova-tools#1439 at head a7881bd73685: certify: the M2 Air is a darwin bench, and a wor	"PREREAD: open the PR diff; every claimed defect line must exist in the diff and be a defect; every ""proven"" claim must be visible; note if the PR head moved since."	Johnny	results/card-tools22-pre-1439-r3/RESULT.md
card-tools22-pre-1443-r5	tools22-pre	-	RESULT tools22-pre-1443-r2 sha=5298f6be12ea — a pre-read of mas-bandwidth/nova-tools#1443 at head bd305334c949: merge lane: the gate on a bench, the forge here 	"PREREAD: open the PR diff; every claimed defect line must exist in the diff and be a defect; every ""proven"" claim must be visible; note if the PR head moved since."	Johnny	results/card-tools22-pre-1443-r5/RESULT.md
card-tools22-pre-1475-r3	tools22-pre	-	RESULT tools22-pre-1475-r4 sha=5298f6be12ea — a pre-read of mas-bandwidth/nova-tools#1475 at head ff6c60fadbaf: docs: make first-run setup explicit	"PREREAD: open the PR diff; every claimed defect line must exist in the diff and be a defect; every ""proven"" claim must be visible; note if the PR head moved since."	Johnny	results/card-tools22-pre-1475-r3/RESULT.md
card-tools22-pre-1478-r3	tools22-pre	-	RESULT tools22-pre-1478-r1 sha=5298f6be12ea — a pre-read of mas-bandwidth/nova-tools#1478 at head 3c2bb6d8bb64: swarm: a gate that did not execute its command c	"PREREAD: open the PR diff; every claimed defect line must exist in the diff and be a defect; every ""proven"" claim must be visible; note if the PR head moved since."	Johnny	results/card-tools22-pre-1478-r3/RESULT.md
card-tools22-pre-1570-r3	tools22-pre	-	RESULT tools22-pre-1570-r1 sha=5298f6be12ea — a pre-read of mas-bandwidth/nova-tools#1570 at head 861c57f675cf	"PREREAD: open the PR diff; every claimed defect line must exist in the diff and be a defect; every ""proven"" claim must be visible; note if the PR head moved since."	Johnny	results/card-tools22-pre-1570-r3/RESULT.md
card-tools22-pre-1570-r5	tools22-pre	-	RESULT tools22-pre-1570-r1 sha=5298f6be12ea — a pre-read of mas-bandwidth/nova-tools#1570 at head 861c57f675cf	"PREREAD: open the PR diff; every claimed defect line must exist in the diff and be a defect; every ""proven"" claim must be visible; note if the PR head moved since."	Johnny	results/card-tools22-pre-1570-r5/RESULT.md
card-tools22-pre-1589-r3	tools22-pre	-	RESULT tools22-pre-1589-r2 sha=5298f6be12ea — a pre-read of mas-bandwidth/nova-tools#1589 at head 9b129b293f14	"PREREAD: open the PR diff; every claimed defect line must exist in the diff and be a defect; every ""proven"" claim must be visible; note if the PR head moved since."	Johnny	results/card-tools22-pre-1589-r3/RESULT.md
card-tools22-pre-1590-r3	tools22-pre	-	RESULT tools22-pre-1590-r4 sha=5298f6be12ea — a pre-read of mas-bandwidth/nova-tools#1590 at head 7a977fdf0b15: nova-work #854 item 7, slice 5a: the `report` ve	"PREREAD: open the PR diff; every claimed defect line must exist in the diff and be a defect; every ""proven"" claim must be visible; note if the PR head moved since."	Johnny	results/card-tools22-pre-1590-r3/RESULT.md
card-tools22-pre-1590-r5	tools22-pre	-	RESULT tools22-pre-1590-r4 sha=5298f6be12ea — a pre-read of mas-bandwidth/nova-tools#1590 at head 7a977fdf0b15: nova-work #854 item 7, slice 5a: the `report` ve	"PREREAD: open the PR diff; every claimed defect line must exist in the diff and be a defect; every ""proven"" claim must be visible; note if the PR head moved since."	Johnny	results/card-tools22-pre-1590-r5/RESULT.md
card-tools22-pre-1615-r5	tools22-pre	-	RESULT tools22-pre-1615-r1 sha=5298f6be12ea — a pre-read of mas-bandwidth/nova-tools#1615 at head 2c3748deab751ca2d73e7aa97033fb2bb445eb7b: nova-swarm: --tokens	"PREREAD: open the PR diff; every claimed defect line must exist in the diff and be a defect; every ""proven"" claim must be visible; note if the PR head moved since."	Johnny	results/card-tools22-pre-1615-r5/RESULT.md
card-tools22-pre-1630-r1	tools22-pre	deepseek-v4-flash	RESULT tools22-pre-1630-r2 sha=5298f6be12ea — a pre-read of mas-bandwidth/nova-tools#1630 at head 6c568977e7ea: nova-work: make the kernel load without muffling	"PREREAD: open the PR diff; every claimed defect line must exist in the diff and be a defect; every ""proven"" claim must be visible; note if the PR head moved since."	Johnny	results/card-tools22-pre-1630-r1/RESULT.md
card-tools22-pre-1633-r5	tools22-pre	-	"""RESULT tools22-pre-1633-r1 sha=5298f6be12ea — a pre-read of mas-bandwidth/nova-tools#1633 at head 61248cb63b8c: nova-work E02.2: the operation accept record on"	"PREREAD: open the PR diff; every claimed defect line must exist in the diff and be a defect; every ""proven"" claim must be visible; note if the PR head moved since."	Johnny	results/card-tools22-pre-1633-r5/RESULT.md
card-tools22-pre-1635-r1	tools22-pre	deepseek/deepseek-v4-flash	RESULT tools22-pre-1635-r2 sha=5298f6be12ea — a pre-read of mas-bandwidth/nova-tools#1635 at head d4676d3954ed: nova-swarm: a native budget nothing can observe 	"PREREAD: open the PR diff; every claimed defect line must exist in the diff and be a defect; every ""proven"" claim must be visible; note if the PR head moved since."	Johnny	results/card-tools22-pre-1635-r1/RESULT.md
card-tools22-pre-1676-r3	tools22-pre	-	RESULT tools22-pre-1676-r2 sha=5298f6be12ea — a pre-read of mas-bandwidth/nova-tools#1676 at head 94048d56482e: nova-work E02.1 (cancel): a cancellation is a re	"PREREAD: open the PR diff; every claimed defect line must exist in the diff and be a defect; every ""proven"" claim must be visible; note if the PR head moved since."	Johnny	results/card-tools22-pre-1676-r3/RESULT.md
card-tools22-pre-1678-r1	tools22-pre	deepseek/deepseek-v4-flash	RESULT tools22-pre-1678-r2 sha=5298f6be12ea — a pre-read of mas-bandwidth/nova-tools#1678 at head 1e7eb881cec2: nova-work E07.2: the durable long-operation reco	"PREREAD: open the PR diff; every claimed defect line must exist in the diff and be a defect; every ""proven"" claim must be visible; note if the PR head moved since."	Johnny	results/card-tools22-pre-1678-r1/RESULT.md
card-tools22-pre-1680-r1	tools22-pre	deepseek-v4-flash	RESULT tools22-pre-1680-r2 sha=5298f6be12ea — a pre-read of mas-bandwidth/nova-tools#1680 at head 74825420150d: nova-merge: batch and land refuse a member carry	"PREREAD: open the PR diff; every claimed defect line must exist in the diff and be a defect; every ""proven"" claim must be visible; note if the PR head moved since."	Johnny	results/card-tools22-pre-1680-r1/RESULT.md
card-tools22-pre-1680-r3	tools22-pre	-	RESULT tools22-pre-1680-r2 sha=5298f6be12ea — a pre-read of mas-bandwidth/nova-tools#1680 at head 74825420150d: nova-merge: batch and land refuse a member carry	"PREREAD: open the PR diff; every claimed defect line must exist in the diff and be a defect; every ""proven"" claim must be visible; note if the PR head moved since."	Johnny	results/card-tools22-pre-1680-r3/RESULT.md
card-tools22-pre-1687-r1	tools22-pre	deepseek-v4-flash	RESULT tools22-pre-1687-r2 sha=5298f6be12ea — a pre-read of mas-bandwidth/nova-tools#1687 at head 69341363e21b: nova-work E02.1 (wait): the event cursor is a re	"PREREAD: open the PR diff; every claimed defect line must exist in the diff and be a defect; every ""proven"" claim must be visible; note if the PR head moved since."	Johnny	results/card-tools22-pre-1687-r1/RESULT.md
card-tools22-pre-1693-r5	tools22-pre	-	RESULT tools22-pre-1693-r1 sha=5298f6be12ea — a pre-read of mas-bandwidth/nova-tools#1693 at head e4556f4d9475: nova-work E02.3 (staging): the staged bytes are 	"PREREAD: open the PR diff; every claimed defect line must exist in the diff and be a defect; every ""proven"" claim must be visible; note if the PR head moved since."	Johnny	results/card-tools22-pre-1693-r5/RESULT.md
card-tools22-pre-1712-r3	tools22-pre	-	tools22-pre-1712-r4	"PREREAD: open the PR diff; every claimed defect line must exist in the diff and be a defect; every ""proven"" claim must be visible; note if the PR head moved since."	Johnny	results/card-tools22-pre-1712-r3/RESULT.md
card-tools22-pre-1712-r5	tools22-pre	-	tools22-pre-1712-r4	"PREREAD: open the PR diff; every claimed defect line must exist in the diff and be a defect; every ""proven"" claim must be visible; note if the PR head moved since."	Johnny	results/card-tools22-pre-1712-r5/RESULT.md
card-tools22-pre-1721-r3	tools22-pre	-	RESULT tools22-pre-1721-r1 sha=5298f6be12ea — a pre-read of mas-bandwidth/nova-tools#1721 at head 12f6027fd731: nova-pulse accept: the mechanical accept gate --	"PREREAD: open the PR diff; every claimed defect line must exist in the diff and be a defect; every ""proven"" claim must be visible; note if the PR head moved since."	Johnny	results/card-tools22-pre-1721-r3/RESULT.md
card-tools22-pre-1723-r1	tools22-pre	deepseek/deepseek-v4-flash	RESULT tools22-pre-1723-r2 sha=5298f6be12ea — a pre-read of mas-bandwidth/nova-tools#1723 at head 81c5fa2c1b04: toolwork T07: onboarding.CompareTranscript, the 	"PREREAD: open the PR diff; every claimed defect line must exist in the diff and be a defect; every ""proven"" claim must be visible; note if the PR head moved since."	Johnny	results/card-tools22-pre-1723-r1/RESULT.md
card-tools22-pre-1730-r5	tools22-pre	-	RESULT tools22-pre-1730-r2 sha=5298f6be12ea — a pre-read of mas-bandwidth/nova-tools#1730 at head 594881168a42: nova-pulse accept --selftest: the gate's own neg	"PREREAD: open the PR diff; every claimed defect line must exist in the diff and be a defect; every ""proven"" claim must be visible; note if the PR head moved since."	Johnny	results/card-tools22-pre-1730-r5/RESULT.md
card-tools22-pre-1782-r4	tools22-pre	-	RESULT tools22-pre-1782-r5 sha=5298f6be12ea	"PREREAD: open the PR diff; every claimed defect line must exist in the diff and be a defect; every ""proven"" claim must be visible; note if the PR head moved since."	Johnny	results/card-tools22-pre-1782-r4/RESULT.md
card-tools22-pre-1833-r4	tools22-pre	-	RESULT tools22-pre-1833-r2 sha=5298f6be12ea — a pre-read of mas-bandwidth/nova-tools#1833 at head 8f4394f4f993: nova-work: roadmap row and roadmap projection re	"PREREAD: open the PR diff; every claimed defect line must exist in the diff and be a defect; every ""proven"" claim must be visible; note if the PR head moved since."	Johnny	results/card-tools22-pre-1833-r4/RESULT.md
card-tools22-pre-1837-r4	tools22-pre	-	RESULT tools22-pre-1837-r2 sha=5298f6be12ea — a pre-read of mas-bandwidth/nova-tools#1837 at head ea66ec34f874: bus wait, wake serve: --no-beat, so a waker besi	"PREREAD: open the PR diff; every claimed defect line must exist in the diff and be a defect; every ""proven"" claim must be visible; note if the PR head moved since."	Johnny	results/card-tools22-pre-1837-r4/RESULT.md
card-tools22-pre-1837-r5	tools22-pre	-	RESULT tools22-pre-1837-r2 sha=5298f6be12ea — a pre-read of mas-bandwidth/nova-tools#1837 at head ea66ec34f874: bus wait, wake serve: --no-beat, so a waker besi	"PREREAD: open the PR diff; every claimed defect line must exist in the diff and be a defect; every ""proven"" claim must be visible; note if the PR head moved since."	Johnny	results/card-tools22-pre-1837-r5/RESULT.md
card-tools22-pre-1839-r3	tools22-pre	qwen/qwen3.7-flash	RESULT tools22-pre-1839-r2 sha=5298f6be12ea — a pre-read of mas-bandwidth/nova-tools#1839 at head cf5cb1786236: toolwork T05: nova-pulse harvest runs accept bef	"PREREAD: open the PR diff; every claimed defect line must exist in the diff and be a defect; every ""proven"" claim must be visible; note if the PR head moved since."	Johnny	results/card-tools22-pre-1839-r3/RESULT.md
card-tools22-pre-1840-r4	tools22-pre	-	RESULT tools22-pre-1840-r2 sha=5298f6be12ea — a pre-read of mas-bandwidth/nova-tools#1840 at head f9a12b4afc41: toolwork T06a: nova-pulse cut writes the five ty	"PREREAD: open the PR diff; every claimed defect line must exist in the diff and be a defect; every ""proven"" claim must be visible; note if the PR head moved since."	Johnny	results/card-tools22-pre-1840-r4/RESULT.md
card-tools22-pre-1840-r5	tools22-pre	-	RESULT tools22-pre-1840-r2 sha=5298f6be12ea — a pre-read of mas-bandwidth/nova-tools#1840 at head f9a12b4afc41: toolwork T06a: nova-pulse cut writes the five ty	"PREREAD: open the PR diff; every claimed defect line must exist in the diff and be a defect; every ""proven"" claim must be visible; note if the PR head moved since."	Johnny	results/card-tools22-pre-1840-r5/RESULT.md
card-tools22-pre-1857-r1	tools22-pre	-	RESULT tools22-pre-1857-r2 sha=5298f6be12ea — a pre-read of mas-bandwidth/nova-tools#1857 at head 217b26357233: SPEC-WAKE: the four awake world-refusals carry t	"PREREAD: open the PR diff; every claimed defect line must exist in the diff and be a defect; every ""proven"" claim must be visible; note if the PR head moved since."	Johnny	results/card-tools22-pre-1857-r1/RESULT.md
card-tools22-pre-1857-r5	tools22-pre	-	RESULT tools22-pre-1857-r2 sha=5298f6be12ea — a pre-read of mas-bandwidth/nova-tools#1857 at head 217b26357233: SPEC-WAKE: the four awake world-refusals carry t	"PREREAD: open the PR diff; every claimed defect line must exist in the diff and be a defect; every ""proven"" claim must be visible; note if the PR head moved since."	Johnny	results/card-tools22-pre-1857-r5/RESULT.md
card-tools22-pre-1858-r4	tools22-pre	-	RESULT tools22-pre-1858-r2 sha=5298f6be12ea — a pre-read of mas-bandwidth/nova-tools#1858 at head 40d4f6969e53: docs/CLI.md: nova-merge batch's five hold flags,	"PREREAD: open the PR diff; every claimed defect line must exist in the diff and be a defect; every ""proven"" claim must be visible; note if the PR head moved since."	Johnny	results/card-tools22-pre-1858-r4/RESULT.md
card-tools22-pre-1858-r5	tools22-pre	-	RESULT tools22-pre-1858-r2 sha=5298f6be12ea — a pre-read of mas-bandwidth/nova-tools#1858 at head 40d4f6969e53: docs/CLI.md: nova-merge batch's five hold flags,	"PREREAD: open the PR diff; every claimed defect line must exist in the diff and be a defect; every ""proven"" claim must be visible; note if the PR head moved since."	Johnny	results/card-tools22-pre-1858-r5/RESULT.md
card-tools22-pre-1860-r4	tools22-pre	-	RESULT tools22-pre-1860-r2 sha=5298f6be12ea — a pre-read of mas-bandwidth/nova-tools#1860 at head 358e07ff1573: decide: a mechanical kind's step-up rung is earn	"PREREAD: open the PR diff; every claimed defect line must exist in the diff and be a defect; every ""proven"" claim must be visible; note if the PR head moved since."	Johnny	results/card-tools22-pre-1860-r4/RESULT.md
card-tools22-pre-1860-r5	tools22-pre	-	RESULT tools22-pre-1860-r2 sha=5298f6be12ea — a pre-read of mas-bandwidth/nova-tools#1860 at head 358e07ff1573: decide: a mechanical kind's step-up rung is earn	"PREREAD: open the PR diff; every claimed defect line must exist in the diff and be a defect; every ""proven"" claim must be visible; note if the PR head moved since."	Johnny	results/card-tools22-pre-1860-r5/RESULT.md
card-tools22-pre-1865-r4	tools22-pre	-	RESULT tools22-pre-1865-r2 sha=5298f6be12ea — a pre-read of mas-bandwidth/nova-tools#1865 at head dc3fad10a9ab: nova-wake: the --advance-cursor refusal names th	"PREREAD: open the PR diff; every claimed defect line must exist in the diff and be a defect; every ""proven"" claim must be visible; note if the PR head moved since."	Johnny	results/card-tools22-pre-1865-r4/RESULT.md
card-tools22-pre-1865-r5	tools22-pre	-	RESULT tools22-pre-1865-r2 sha=5298f6be12ea — a pre-read of mas-bandwidth/nova-tools#1865 at head dc3fad10a9ab: nova-wake: the --advance-cursor refusal names th	"PREREAD: open the PR diff; every claimed defect line must exist in the diff and be a defect; every ""proven"" claim must be visible; note if the PR head moved since."	Johnny	results/card-tools22-pre-1865-r5/RESULT.md
card-tools22-pre-1867-r5	tools22-pre	-	RESULT tools22-pre-1867-r2 sha=5298f6be12ea — a pre-read of mas-bandwidth/nova-tools#1867 at head b342bc91a6e0: docs/CLI.md: the land section a shipped verb nev	"PREREAD: open the PR diff; every claimed defect line must exist in the diff and be a defect; every ""proven"" claim must be visible; note if the PR head moved since."	Johnny	results/card-tools22-pre-1867-r5/RESULT.md
card-tools22-pre-1869-r4	tools22-pre	-	RESULT tools22-pre-1869-r1 sha=5298f6be12ea — a pre-read of mas-bandwidth/nova-tools#1869 at head 040ba8f81934: bus wait, wake serve: --no-beat, so a waker besi	"PREREAD: open the PR diff; every claimed defect line must exist in the diff and be a defect; every ""proven"" claim must be visible; note if the PR head moved since."	Johnny	results/card-tools22-pre-1869-r4/RESULT.md
card-tools22-pre-1870-r4	tools22-pre	-	RESULT tools22-pre-1870-r1 sha=5298f6be12ea — a pre-read of mas-bandwidth/nova-tools#1870 at head 6f901e1c87e2	"PREREAD: open the PR diff; every claimed defect line must exist in the diff and be a defect; every ""proven"" claim must be visible; note if the PR head moved since."	Johnny	results/card-tools22-pre-1870-r4/RESULT.md
card-tools22-pre-1872-r4	tools22-pre	-	RESULT tools22-pre-1872-r1 sha=5298f6be12ea — a pre-read of mas-bandwidth/nova-tools#1872 at head 968a1d50fd68: docs/CLI.md: nova-swarm lint, the verb the synop	"PREREAD: open the PR diff; every claimed defect line must exist in the diff and be a defect; every ""proven"" claim must be visible; note if the PR head moved since."	Johnny	results/card-tools22-pre-1872-r4/RESULT.md
card-tools22-pre-1876-r4	tools22-pre	-	RESULT tools22-pre-1876-r1 sha=5298f6be12ea — a pre-read of mas-bandwidth/nova-tools#1876 at head 675c5d2dd240: docs/CLI.md: nova-merge land, the verb that admi	"PREREAD: open the PR diff; every claimed defect line must exist in the diff and be a defect; every ""proven"" claim must be visible; note if the PR head moved since."	Johnny	results/card-tools22-pre-1876-r4/RESULT.md
card-tools22-pre-1889-r4	tools22-pre	-	RESULT tools22-pre-1889-r1 sha=5298f6be12ea — a pre-read of mas-bandwidth/nova-tools#1889 at head 522352392cad: jobs: a repeated need is one edge in the seeded 	"PREREAD: open the PR diff; every claimed defect line must exist in the diff and be a defect; every ""proven"" claim must be visible; note if the PR head moved since."	Johnny	results/card-tools22-pre-1889-r4/RESULT.md
card-tools22-pre-1913-r4	tools22-pre	-	RESULT tools22-pre-1913-r1 sha=5298f6be12ea — a pre-read of mas-bandwidth/nova-tools#1913 at head 137baa099325: nova-play: the help examples run as pasted (#145	"PREREAD: open the PR diff; every claimed defect line must exist in the diff and be a defect; every ""proven"" claim must be visible; note if the PR head moved since."	Johnny	results/card-tools22-pre-1913-r4/RESULT.md
card-tools22-pre-1913-r5	tools22-pre	-	RESULT tools22-pre-1913-r1 sha=5298f6be12ea — a pre-read of mas-bandwidth/nova-tools#1913 at head 137baa099325: nova-play: the help examples run as pasted (#145	"PREREAD: open the PR diff; every claimed defect line must exist in the diff and be a defect; every ""proven"" claim must be visible; note if the PR head moved since."	Johnny	results/card-tools22-pre-1913-r5/RESULT.md
card-tools22-pre-1919-r4	tools22-pre	-	RESULT tools22-pre-1919-r1 sha=5298f6be12ea — a pre-read of mas-bandwidth/nova-tools#1919 at head a7470c9e4130: nova-swarm: the help examples run as pasted (#14	"PREREAD: open the PR diff; every claimed defect line must exist in the diff and be a defect; every ""proven"" claim must be visible; note if the PR head moved since."	Johnny	results/card-tools22-pre-1919-r4/RESULT.md
card-tools22-pre-1919-r5	tools22-pre	-	RESULT tools22-pre-1919-r1 sha=5298f6be12ea — a pre-read of mas-bandwidth/nova-tools#1919 at head a7470c9e4130: nova-swarm: the help examples run as pasted (#14	"PREREAD: open the PR diff; every claimed defect line must exist in the diff and be a defect; every ""proven"" claim must be visible; note if the PR head moved since."	Johnny	results/card-tools22-pre-1919-r5/RESULT.md
card-tools22-pre-1920-r5	tools22-pre	-	RESULT tools22-pre-1920-r1 sha=5298f6be12ea — a pre-read of mas-bandwidth/nova-tools#1920 at head 0d984668bde5: nova-tokens: the help examples run as pasted (#1	"PREREAD: open the PR diff; every claimed defect line must exist in the diff and be a defect; every ""proven"" claim must be visible; note if the PR head moved since."	Johnny	results/card-tools22-pre-1920-r5/RESULT.md
card-tools22-pre-1926-r4	tools22-pre	-	RESULT tools22-pre-1926-r1 sha=5298f6be12ea — a pre-read of mas-bandwidth/nova-tools#1926 at head 3b8bd8f1b5f7: nova-swarm slots: lock the take path's read-coun	"PREREAD: open the PR diff; every claimed defect line must exist in the diff and be a defect; every ""proven"" claim must be visible; note if the PR head moved since."	Johnny	results/card-tools22-pre-1926-r4/RESULT.md
card-tools22-pre-1926-r5	tools22-pre	-	RESULT tools22-pre-1926-r1 sha=5298f6be12ea — a pre-read of mas-bandwidth/nova-tools#1926 at head 3b8bd8f1b5f7: nova-swarm slots: lock the take path's read-coun	"PREREAD: open the PR diff; every claimed defect line must exist in the diff and be a defect; every ""proven"" claim must be visible; note if the PR head moved since."	Johnny	results/card-tools22-pre-1926-r5/RESULT.md
card-tools22-pre-1941-r3	tools22-pre	-	RESULT tools22-pre-1941-r1 sha=5298f6be12ea — a pre-read of mas-bandwidth/nova-tools#1941 at head c05d6a4913e6	"PREREAD: open the PR diff; every claimed defect line must exist in the diff and be a defect; every ""proven"" claim must be visible; note if the PR head moved since."	Johnny	results/card-tools22-pre-1941-r3/RESULT.md
card-tools22-pre-1941-r4	tools22-pre	-	RESULT tools22-pre-1941-r1 sha=5298f6be12ea — a pre-read of mas-bandwidth/nova-tools#1941 at head c05d6a4913e6	"PREREAD: open the PR diff; every claimed defect line must exist in the diff and be a defect; every ""proven"" claim must be visible; note if the PR head moved since."	Johnny	results/card-tools22-pre-1941-r4/RESULT.md
card-tools22-pre-1941-r5	tools22-pre	-	RESULT tools22-pre-1941-r1 sha=5298f6be12ea — a pre-read of mas-bandwidth/nova-tools#1941 at head c05d6a4913e6	"PREREAD: open the PR diff; every claimed defect line must exist in the diff and be a defect; every ""proven"" claim must be visible; note if the PR head moved since."	Johnny	results/card-tools22-pre-1941-r5/RESULT.md
card-tools22-pre-1954-r3	tools22-pre	-	RESULT tools22-pre-1954-r1 sha=5298f6be12ea — a pre-read of mas-bandwidth/nova-tools#1954 at head 0b49d474509c: nova-pulse fleet standard: a darwin bench is not	"PREREAD: open the PR diff; every claimed defect line must exist in the diff and be a defect; every ""proven"" claim must be visible; note if the PR head moved since."	Johnny	results/card-tools22-pre-1954-r3/RESULT.md
card-tools22-pre-1954-r4	tools22-pre	-	RESULT tools22-pre-1954-r1 sha=5298f6be12ea — a pre-read of mas-bandwidth/nova-tools#1954 at head 0b49d474509c: nova-pulse fleet standard: a darwin bench is not	"PREREAD: open the PR diff; every claimed defect line must exist in the diff and be a defect; every ""proven"" claim must be visible; note if the PR head moved since."	Johnny	results/card-tools22-pre-1954-r4/RESULT.md
card-tools22-pre-1954-r5	tools22-pre	-	RESULT tools22-pre-1954-r1 sha=5298f6be12ea — a pre-read of mas-bandwidth/nova-tools#1954 at head 0b49d474509c: nova-pulse fleet standard: a darwin bench is not	"PREREAD: open the PR diff; every claimed defect line must exist in the diff and be a defect; every ""proven"" claim must be visible; note if the PR head moved since."	Johnny	results/card-tools22-pre-1954-r5/RESULT.md
card-tools22-pre-1955-r3	tools22-pre	-	RESULT tools22-pre-1955-r1 sha=5298f6be12ea — a pre-read of mas-bandwidth/nova-tools#1955 at head 7fa7dc2884da: nova-pulse launch resolves --bench names against	"PREREAD: open the PR diff; every claimed defect line must exist in the diff and be a defect; every ""proven"" claim must be visible; note if the PR head moved since."	Johnny	results/card-tools22-pre-1955-r3/RESULT.md
card-tools22-pre-1955-r4	tools22-pre	-	RESULT tools22-pre-1955-r1 sha=5298f6be12ea — a pre-read of mas-bandwidth/nova-tools#1955 at head 7fa7dc2884da: nova-pulse launch resolves --bench names against	"PREREAD: open the PR diff; every claimed defect line must exist in the diff and be a defect; every ""proven"" claim must be visible; note if the PR head moved since."	Johnny	results/card-tools22-pre-1955-r4/RESULT.md
card-tools22-pre-1956-r3	tools22-pre	-	RESULT tools22-pre-1956-r1 sha=5298f6be12ea — a pre-read of mas-bandwidth/nova-tools#1956 at head 5b77a1204940: nova-check hygiene: spell --identity as <Name> <	"PREREAD: open the PR diff; every claimed defect line must exist in the diff and be a defect; every ""proven"" claim must be visible; note if the PR head moved since."	Johnny	results/card-tools22-pre-1956-r3/RESULT.md
card-tools22-pre-1956-r4	tools22-pre	-	RESULT tools22-pre-1956-r1 sha=5298f6be12ea — a pre-read of mas-bandwidth/nova-tools#1956 at head 5b77a1204940: nova-check hygiene: spell --identity as <Name> <	"PREREAD: open the PR diff; every claimed defect line must exist in the diff and be a defect; every ""proven"" claim must be visible; note if the PR head moved since."	Johnny	results/card-tools22-pre-1956-r4/RESULT.md
card-tools22-pre-1956-r5	tools22-pre	-	RESULT tools22-pre-1956-r1 sha=5298f6be12ea — a pre-read of mas-bandwidth/nova-tools#1956 at head 5b77a1204940: nova-check hygiene: spell --identity as <Name> <	"PREREAD: open the PR diff; every claimed defect line must exist in the diff and be a defect; every ""proven"" claim must be visible; note if the PR head moved since."	Johnny	results/card-tools22-pre-1956-r5/RESULT.md
card-tools22-pre-1965-r3	tools22-pre	-	RESULT tools22-pre-1965-r1 sha=5298f6be12ea — a pre-read of mas-bandwidth/nova-tools#1965 at head 108ce8bfc170: decide: a committed rule answers its kind with n	"PREREAD: open the PR diff; every claimed defect line must exist in the diff and be a defect; every ""proven"" claim must be visible; note if the PR head moved since."	Johnny	results/card-tools22-pre-1965-r3/RESULT.md
card-tools22-pre-1973-r3	tools22-pre	-	RESULT tools22-pre-1973-r2 sha=5298f6be12ea — a pre-read of mas-bandwidth/nova-tools#1973 at head 7b57ce98c810: nova-work kernel: add the promised dep structure	"PREREAD: open the PR diff; every claimed defect line must exist in the diff and be a defect; every ""proven"" claim must be visible; note if the PR head moved since."	Johnny	results/card-tools22-pre-1973-r3/RESULT.md
card-tools22-pre-1973-r4	tools22-pre	-	RESULT tools22-pre-1973-r2 sha=5298f6be12ea — a pre-read of mas-bandwidth/nova-tools#1973 at head 7b57ce98c810: nova-work kernel: add the promised dep structure	"PREREAD: open the PR diff; every claimed defect line must exist in the diff and be a defect; every ""proven"" claim must be visible; note if the PR head moved since."	Johnny	results/card-tools22-pre-1973-r4/RESULT.md
card-tools22-pre-1973-r5	tools22-pre	-	RESULT tools22-pre-1973-r2 sha=5298f6be12ea — a pre-read of mas-bandwidth/nova-tools#1973 at head 7b57ce98c810: nova-work kernel: add the promised dep structure	"PREREAD: open the PR diff; every claimed defect line must exist in the diff and be a defect; every ""proven"" claim must be visible; note if the PR head moved since."	Johnny	results/card-tools22-pre-1973-r5/RESULT.md
card-tools22-pre-1980-r4	tools22-pre	-	RESULT tools22-pre-1980-r1 sha=5298f6be12ea — a pre-read of mas-bandwidth/nova-tools#1980 at head 2565b231a50d: End the shared last line in nova-work.asd; close	"PREREAD: open the PR diff; every claimed defect line must exist in the diff and be a defect; every ""proven"" claim must be visible; note if the PR head moved since."	Johnny	results/card-tools22-pre-1980-r4/RESULT.md
card-tools22-pre-1980-r5	tools22-pre	-	RESULT tools22-pre-1980-r1 sha=5298f6be12ea — a pre-read of mas-bandwidth/nova-tools#1980 at head 2565b231a50d: End the shared last line in nova-work.asd; close	"PREREAD: open the PR diff; every claimed defect line must exist in the diff and be a defect; every ""proven"" claim must be visible; note if the PR head moved since."	Johnny	results/card-tools22-pre-1980-r5/RESULT.md
card-tools22-pre-1986-r3	tools22-pre	-	RESULT tools22-pre-1986-r1 sha=5298f6be12ea — a pre-read of mas-bandwidth/nova-tools#1986 at head 301e61ed337e: nova-bus: inbox --decide runs from the rule tabl	"PREREAD: open the PR diff; every claimed defect line must exist in the diff and be a defect; every ""proven"" claim must be visible; note if the PR head moved since."	Johnny	results/card-tools22-pre-1986-r3/RESULT.md
card-tools22-pre-1986-r4	tools22-pre	-	RESULT tools22-pre-1986-r1 sha=5298f6be12ea — a pre-read of mas-bandwidth/nova-tools#1986 at head 301e61ed337e: nova-bus: inbox --decide runs from the rule tabl	"PREREAD: open the PR diff; every claimed defect line must exist in the diff and be a defect; every ""proven"" claim must be visible; note if the PR head moved since."	Johnny	results/card-tools22-pre-1986-r4/RESULT.md
card-tools22-pre-1986-r5	tools22-pre	-	RESULT tools22-pre-1986-r1 sha=5298f6be12ea — a pre-read of mas-bandwidth/nova-tools#1986 at head 301e61ed337e: nova-bus: inbox --decide runs from the rule tabl	"PREREAD: open the PR diff; every claimed defect line must exist in the diff and be a defect; every ""proven"" claim must be visible; note if the PR head moved since."	Johnny	results/card-tools22-pre-1986-r5/RESULT.md
card-tools22-pre-1988-r3	tools22-pre	-	RESULT tools22-pre-1988-r2 sha=5298f6be12ea — a pre-read of mas-bandwidth/nova-tools#1988 at head 6b5bc84867b9: nova-work.asd: discover the tests, keep src expl	"PREREAD: open the PR diff; every claimed defect line must exist in the diff and be a defect; every ""proven"" claim must be visible; note if the PR head moved since."	Johnny	results/card-tools22-pre-1988-r3/RESULT.md
card-tools22-pre-1990-r4	tools22-pre	-	RESULT tools22-pre-1990-r1 sha=5298f6be12ea — a pre-read of mas-bandwidth/nova-tools#1990 at head bb3bc47b094b: decide: the decisions table's schema is owned, v	"PREREAD: open the PR diff; every claimed defect line must exist in the diff and be a defect; every ""proven"" claim must be visible; note if the PR head moved since."	Johnny	results/card-tools22-pre-1990-r4/RESULT.md
card-tools22-pre-1990-r5	tools22-pre	-	RESULT tools22-pre-1990-r1 sha=5298f6be12ea — a pre-read of mas-bandwidth/nova-tools#1990 at head bb3bc47b094b: decide: the decisions table's schema is owned, v	"PREREAD: open the PR diff; every claimed defect line must exist in the diff and be a defect; every ""proven"" claim must be visible; note if the PR head moved since."	Johnny	results/card-tools22-pre-1990-r5/RESULT.md
card-tools22-pre-1992-r3	tools22-pre	-	RESULT tools22-pre-1992-r2 sha=5298f6be12ea — a pre-read of mas-bandwidth/nova-tools#1992 at head bb065442ded6751d92a0fd19bce6afdd54ec8473: bench-standard: chec	"PREREAD: open the PR diff; every claimed defect line must exist in the diff and be a defect; every ""proven"" claim must be visible; note if the PR head moved since."	Johnny	results/card-tools22-pre-1992-r3/RESULT.md
card-tools22-pre-1995-r3	tools22-pre	-	RESULT tools22-pre-1995-r2 sha=5298f6be12ea — a pre-read of mas-bandwidth/nova-tools#1995 at head 8230c5fb6a64: tools: a measured verifier for the ASDF-only app	"PREREAD: open the PR diff; every claimed defect line must exist in the diff and be a defect; every ""proven"" claim must be visible; note if the PR head moved since."	Johnny	results/card-tools22-pre-1995-r3/RESULT.md
card-tools22-pre-1996-r3	tools22-pre	-	RESULT tools22-pre-1996-r1 sha=5298f6be12ea — a pre-read of mas-bandwidth/nova-tools#1996 at head acd925ec0cd2: tests(nova-work): one per-run temp root, so two 	"PREREAD: open the PR diff; every claimed defect line must exist in the diff and be a defect; every ""proven"" claim must be visible; note if the PR head moved since."	Johnny	results/card-tools22-pre-1996-r3/RESULT.md
card-tools22-pre-1996-r4	tools22-pre	-	RESULT tools22-pre-1996-r1 sha=5298f6be12ea — a pre-read of mas-bandwidth/nova-tools#1996 at head acd925ec0cd2: tests(nova-work): one per-run temp root, so two 	"PREREAD: open the PR diff; every claimed defect line must exist in the diff and be a defect; every ""proven"" claim must be visible; note if the PR head moved since."	Johnny	results/card-tools22-pre-1996-r4/RESULT.md
card-tools22-pre-1996-r5	tools22-pre	-	RESULT tools22-pre-1996-r1 sha=5298f6be12ea — a pre-read of mas-bandwidth/nova-tools#1996 at head acd925ec0cd2: tests(nova-work): one per-run temp root, so two 	"PREREAD: open the PR diff; every claimed defect line must exist in the diff and be a defect; every ""proven"" claim must be visible; note if the PR head moved since."	Johnny	results/card-tools22-pre-1996-r5/RESULT.md
card-tools22-pre-1998-r3	tools22-pre	-	PR 1998 claims=4 proven=4 unproven=0 defects=0 high=0	"PREREAD: open the PR diff; every claimed defect line must exist in the diff and be a defect; every ""proven"" claim must be visible; note if the PR head moved since."	Johnny	results/card-tools22-pre-1998-r3/RESULT.md
card-tools22-pre-1998-r4	tools22-pre	-	PR 1998 claims=4 proven=4 unproven=0 defects=0 high=0	"PREREAD: open the PR diff; every claimed defect line must exist in the diff and be a defect; every ""proven"" claim must be visible; note if the PR head moved since."	Johnny	results/card-tools22-pre-1998-r4/RESULT.md
card-tools22-pre-1999-r3	tools22-pre	-	RESULT tools22-pre-1999-r2 sha=5298f6be12ea — a pre-read of mas-bandwidth/nova-tools#1999 at head c5386798e7bb: hygiene: recognise the xai- provider key and the	"PREREAD: open the PR diff; every claimed defect line must exist in the diff and be a defect; every ""proven"" claim must be visible; note if the PR head moved since."	Johnny	results/card-tools22-pre-1999-r3/RESULT.md
card-tools22-pre-1999-r5	tools22-pre	-	RESULT tools22-pre-1999-r2 sha=5298f6be12ea — a pre-read of mas-bandwidth/nova-tools#1999 at head c5386798e7bb: hygiene: recognise the xai- provider key and the	"PREREAD: open the PR diff; every claimed defect line must exist in the diff and be a defect; every ""proven"" claim must be visible; note if the PR head moved since."	Johnny	results/card-tools22-pre-1999-r5/RESULT.md
card-tools22-pre-2002-r4	tools22-pre	-	RESULT tools22-pre-2002-r3 sha=5298f6be12ea — a pre-read of mas-bandwidth/nova-tools#2002 at head 896f1f75d83e: nova-version: snapshot in help, scoped to the ad	"PREREAD: open the PR diff; every claimed defect line must exist in the diff and be a defect; every ""proven"" claim must be visible; note if the PR head moved since."	Johnny	results/card-tools22-pre-2002-r4/RESULT.md
card-tools22-pre-2002-r5	tools22-pre	-	RESULT tools22-pre-2002-r3 sha=5298f6be12ea — a pre-read of mas-bandwidth/nova-tools#2002 at head 896f1f75d83e: nova-version: snapshot in help, scoped to the ad	"PREREAD: open the PR diff; every claimed defect line must exist in the diff and be a defect; every ""proven"" claim must be visible; note if the PR head moved since."	Johnny	results/card-tools22-pre-2002-r5/RESULT.md
card-tools22-pre-2003-r3	tools22-pre	-	RESULT tools22-pre-2003-r2 sha=5298f6be12ea — a pre-read of mas-bandwidth/nova-tools#2003 at head 637a8738bc4ab5b33760848218f831e844fbda7b: nova-sandbox: policy	"PREREAD: open the PR diff; every claimed defect line must exist in the diff and be a defect; every ""proven"" claim must be visible; note if the PR head moved since."	Johnny	results/card-tools22-pre-2003-r3/RESULT.md
card-tools22-pre-2003-r4	tools22-pre	-	RESULT tools22-pre-2003-r2 sha=5298f6be12ea — a pre-read of mas-bandwidth/nova-tools#2003 at head 637a8738bc4ab5b33760848218f831e844fbda7b: nova-sandbox: policy	"PREREAD: open the PR diff; every claimed defect line must exist in the diff and be a defect; every ""proven"" claim must be visible; note if the PR head moved since."	Johnny	results/card-tools22-pre-2003-r4/RESULT.md
card-tools22-pre-2004-r3	tools22-pre	-	RESULT tools22-pre-2004-r2 sha=5298f6be12ea — a pre-read of mas-bandwidth/nova-tools#2004 at head fc02b1dfaec749603af6ef8a9cd63a24ce2835b2: docs/TESTS.md: nova-	"PREREAD: open the PR diff; every claimed defect line must exist in the diff and be a defect; every ""proven"" claim must be visible; note if the PR head moved since."	Johnny	results/card-tools22-pre-2004-r3/RESULT.md
card-tools22-pre-2005-r3	tools22-pre	-	RESULT tools22-pre-2005-r2 sha=5298f6be12ea — a pre-read of mas-bandwidth/nova-tools#2005 at head d5ead3ec5843: nova-play view: browse shared moments without re	"PREREAD: open the PR diff; every claimed defect line must exist in the diff and be a defect; every ""proven"" claim must be visible; note if the PR head moved since."	Johnny	results/card-tools22-pre-2005-r3/RESULT.md
card-tools22-pre-2005-r4	tools22-pre	-	RESULT tools22-pre-2005-r2 sha=5298f6be12ea — a pre-read of mas-bandwidth/nova-tools#2005 at head d5ead3ec5843: nova-play view: browse shared moments without re	"PREREAD: open the PR diff; every claimed defect line must exist in the diff and be a defect; every ""proven"" claim must be visible; note if the PR head moved since."	Johnny	results/card-tools22-pre-2005-r4/RESULT.md
card-tools22-pre-2006-r5	tools22-pre	-	RESULT tools22-pre-2006-r2 sha=5298f6be12ea — a pre-read of mas-bandwidth/nova-tools#2006 at head e7bb83989cf0: nova-pulse fleet hygiene: the bench timer that t	"PREREAD: open the PR diff; every claimed defect line must exist in the diff and be a defect; every ""proven"" claim must be visible; note if the PR head moved since."	Johnny	results/card-tools22-pre-2006-r5/RESULT.md
card-tools22-pre-2044-r2	tools22-pre	-	RESULT tools22-pre-2044-r4 sha=5298f6be12ea — a pre-read of mas-bandwidth/nova-tools#2044 at head 40e5d020b30a: roadmap: the sexp holds every nova-work criterio	"PREREAD: open the PR diff; every claimed defect line must exist in the diff and be a defect; every ""proven"" claim must be visible; note if the PR head moved since."	Johnny	results/card-tools22-pre-2044-r2/RESULT.md
card-tools22-pre-2044-r3	tools22-pre	-	RESULT tools22-pre-2044-r4 sha=5298f6be12ea — a pre-read of mas-bandwidth/nova-tools#2044 at head 40e5d020b30a: roadmap: the sexp holds every nova-work criterio	"PREREAD: open the PR diff; every claimed defect line must exist in the diff and be a defect; every ""proven"" claim must be visible; note if the PR head moved since."	Johnny	results/card-tools22-pre-2044-r3/RESULT.md
card-tools22-pre-2056-r4	tools22-pre	-	RESULT tools22-pre-2056-r1 sha=5298f6be12ea — a pre-read of mas-bandwidth/nova-tools#2056 at head f01a0c42d7de: nova-work: sixteen tests pinning sixteen unverif	"PREREAD: open the PR diff; every claimed defect line must exist in the diff and be a defect; every ""proven"" claim must be visible; note if the PR head moved since."	Johnny	results/card-tools22-pre-2056-r4/RESULT.md
card-tools22-pre-2056-r5	tools22-pre	-	RESULT tools22-pre-2056-r1 sha=5298f6be12ea — a pre-read of mas-bandwidth/nova-tools#2056 at head f01a0c42d7de: nova-work: sixteen tests pinning sixteen unverif	"PREREAD: open the PR diff; every claimed defect line must exist in the diff and be a defect; every ""proven"" claim must be visible; note if the PR head moved since."	Johnny	results/card-tools22-pre-2056-r5/RESULT.md
card-tools22-pre-2071-r5	tools22-pre	-	RESULT tools22-pre-2071-r4 sha=5298f6be12ea — a pre-read of mas-bandwidth/nova-tools#2071 at head 299fb0ef23ca182e58092d31dd75fa9284a51b80: Parked: specify meas	"PREREAD: open the PR diff; every claimed defect line must exist in the diff and be a defect; every ""proven"" claim must be visible; note if the PR head moved since."	Johnny	results/card-tools22-pre-2071-r5/RESULT.md
card-tools22-pre-2076-r5	tools22-pre	-	RESULT tools22-pre-2076-r1 sha=5298f6be12ea — a pre-read of mas-bandwidth/nova-tools#2076 at head cc71e2b9f339: nova-swarm native: never exit 255; always a verd	"PREREAD: open the PR diff; every claimed defect line must exist in the diff and be a defect; every ""proven"" claim must be visible; note if the PR head moved since."	Johnny	results/card-tools22-pre-2076-r5/RESULT.md
card-tools22-pre-2077-r2	tools22-pre	-	RESULT tools22-pre-2077-r4 sha=5298f6be12ea — a pre-read of mas-bandwidth/nova-tools#2077 at head 559cacf627ad: nova-pulse launch: a launch without a bench slot	"PREREAD: open the PR diff; every claimed defect line must exist in the diff and be a defect; every ""proven"" claim must be visible; note if the PR head moved since."	Johnny	results/card-tools22-pre-2077-r2/RESULT.md
card-tools22-pre-2077-r5	tools22-pre	-	RESULT tools22-pre-2077-r4 sha=5298f6be12ea — a pre-read of mas-bandwidth/nova-tools#2077 at head 559cacf627ad: nova-pulse launch: a launch without a bench slot	"PREREAD: open the PR diff; every claimed defect line must exist in the diff and be a defect; every ""proven"" claim must be visible; note if the PR head moved since."	Johnny	results/card-tools22-pre-2077-r5/RESULT.md
card-tools22-pre-2087-r2	tools22-pre	-	RESULT tools22-pre-2087-r1 sha=5298f6be12ea — a pre-read of mas-bandwidth/nova-tools#2087 at head f4417f76c049: swarm: multi-tier bounded execution timeouts and	"PREREAD: open the PR diff; every claimed defect line must exist in the diff and be a defect; every ""proven"" claim must be visible; note if the PR head moved since."	Johnny	results/card-tools22-pre-2087-r2/RESULT.md
card-tools22-pre-2087-r3	tools22-pre	-	RESULT tools22-pre-2087-r1 sha=5298f6be12ea — a pre-read of mas-bandwidth/nova-tools#2087 at head f4417f76c049: swarm: multi-tier bounded execution timeouts and	"PREREAD: open the PR diff; every claimed defect line must exist in the diff and be a defect; every ""proven"" claim must be visible; note if the PR head moved since."	Johnny	results/card-tools22-pre-2087-r3/RESULT.md
card-tools22-pre-2087-r4	tools22-pre	-	RESULT tools22-pre-2087-r1 sha=5298f6be12ea — a pre-read of mas-bandwidth/nova-tools#2087 at head f4417f76c049: swarm: multi-tier bounded execution timeouts and	"PREREAD: open the PR diff; every claimed defect line must exist in the diff and be a defect; every ""proven"" claim must be visible; note if the PR head moved since."	Johnny	results/card-tools22-pre-2087-r4/RESULT.md
card-tools22-pre-2091-r4	tools22-pre	-	RESULT tools22-pre-2091-r1 sha=5298f6be12ea — a pre-read of mas-bandwidth/nova-tools#2091 at head f8aca6d57e90: nova-work: 16 acceptance criteria proving test s	"PREREAD: open the PR diff; every claimed defect line must exist in the diff and be a defect; every ""proven"" claim must be visible; note if the PR head moved since."	Johnny	results/card-tools22-pre-2091-r4/RESULT.md
card-tools22-pre-2091-r5	tools22-pre	-	RESULT tools22-pre-2091-r1 sha=5298f6be12ea — a pre-read of mas-bandwidth/nova-tools#2091 at head f8aca6d57e90: nova-work: 16 acceptance criteria proving test s	"PREREAD: open the PR diff; every claimed defect line must exist in the diff and be a defect; every ""proven"" claim must be visible; note if the PR head moved since."	Johnny	results/card-tools22-pre-2091-r5/RESULT.md
card-tools22-pre-2096-r4	tools22-pre	-	RESULT tools22-pre-2096-r1 sha=5298f6be12ea — a pre-read of mas-bandwidth/nova-tools#2096 at head 9efad56c86cb — work: map captured issues to tree, 128-bit gene	"PREREAD: open the PR diff; every claimed defect line must exist in the diff and be a defect; every ""proven"" claim must be visible; note if the PR head moved since."	Johnny	results/card-tools22-pre-2096-r4/RESULT.md
card-tools22-pre-2096-r5	tools22-pre	-	RESULT tools22-pre-2096-r1 sha=5298f6be12ea — a pre-read of mas-bandwidth/nova-tools#2096 at head 9efad56c86cb — work: map captured issues to tree, 128-bit gene	"PREREAD: open the PR diff; every claimed defect line must exist in the diff and be a defect; every ""proven"" claim must be visible; note if the PR head moved since."	Johnny	results/card-tools22-pre-2096-r5/RESULT.md
card-tools22-pre-2097-r3	tools22-pre	-	RESULT tools22-pre-2097-r1 sha=5298f6be12ea — a pre-read of mas-bandwidth/nova-tools#2097 at head 3b73b3a9116c: pulse: fair-share capacity allocation across rea	"PREREAD: open the PR diff; every claimed defect line must exist in the diff and be a defect; every ""proven"" claim must be visible; note if the PR head moved since."	Johnny	results/card-tools22-pre-2097-r3/RESULT.md
card-tools22-pre-2097-r4	tools22-pre	-	RESULT tools22-pre-2097-r1 sha=5298f6be12ea — a pre-read of mas-bandwidth/nova-tools#2097 at head 3b73b3a9116c: pulse: fair-share capacity allocation across rea	"PREREAD: open the PR diff; every claimed defect line must exist in the diff and be a defect; every ""proven"" claim must be visible; note if the PR head moved since."	Johnny	results/card-tools22-pre-2097-r4/RESULT.md
card-tools22-pre-2097-r5	tools22-pre	-	RESULT tools22-pre-2097-r1 sha=5298f6be12ea — a pre-read of mas-bandwidth/nova-tools#2097 at head 3b73b3a9116c: pulse: fair-share capacity allocation across rea	"PREREAD: open the PR diff; every claimed defect line must exist in the diff and be a defect; every ""proven"" claim must be visible; note if the PR head moved since."	Johnny	results/card-tools22-pre-2097-r5/RESULT.md
card-tools22-pre-2098-r2	tools22-pre	-	RESULT tools22-pre-2098-r4 sha=5298f6be12ea — a pre-read of mas-bandwidth/nova-tools#2098 at head 50444392f5b1: nova-work: thirteen more tests pinning thirteen 	"PREREAD: open the PR diff; every claimed defect line must exist in the diff and be a defect; every ""proven"" claim must be visible; note if the PR head moved since."	Johnny	results/card-tools22-pre-2098-r2/RESULT.md
card-tools22-pre-2098-r5	tools22-pre	-	RESULT tools22-pre-2098-r4 sha=5298f6be12ea — a pre-read of mas-bandwidth/nova-tools#2098 at head 50444392f5b1: nova-work: thirteen more tests pinning thirteen 	"PREREAD: open the PR diff; every claimed defect line must exist in the diff and be a defect; every ""proven"" claim must be visible; note if the PR head moved since."	Johnny	results/card-tools22-pre-2098-r5/RESULT.md
card-tools22-pre-2100-r4	tools22-pre	-	RESULT tools22-pre-2100-r1 sha=5298f6be12ea — a pre-read of mas-bandwidth/nova-tools#2100 at head cdaefa394b5e: wake: slot leasing and daemon argv-only boundary	"PREREAD: open the PR diff; every claimed defect line must exist in the diff and be a defect; every ""proven"" claim must be visible; note if the PR head moved since."	Johnny	results/card-tools22-pre-2100-r4/RESULT.md
card-tools22-pre-2100-r5	tools22-pre	-	RESULT tools22-pre-2100-r1 sha=5298f6be12ea — a pre-read of mas-bandwidth/nova-tools#2100 at head cdaefa394b5e: wake: slot leasing and daemon argv-only boundary	"PREREAD: open the PR diff; every claimed defect line must exist in the diff and be a defect; every ""proven"" claim must be visible; note if the PR head moved since."	Johnny	results/card-tools22-pre-2100-r5/RESULT.md
card-tools22-pre-2101-r2	tools22-pre	-	RESULT tools22-pre-2101-r1 sha=5298f6be12ea — a pre-read of mas-bandwidth/nova-tools#2101 at head 793a3936e727: pulse: pool-capacity aggregation and atomic metr	"PREREAD: open the PR diff; every claimed defect line must exist in the diff and be a defect; every ""proven"" claim must be visible; note if the PR head moved since."	Johnny	results/card-tools22-pre-2101-r2/RESULT.md
card-tools22-pre-2101-r3	tools22-pre	-	RESULT tools22-pre-2101-r1 sha=5298f6be12ea — a pre-read of mas-bandwidth/nova-tools#2101 at head 793a3936e727: pulse: pool-capacity aggregation and atomic metr	"PREREAD: open the PR diff; every claimed defect line must exist in the diff and be a defect; every ""proven"" claim must be visible; note if the PR head moved since."	Johnny	results/card-tools22-pre-2101-r3/RESULT.md
card-tools22-pre-2101-r4	tools22-pre	-	RESULT tools22-pre-2101-r1 sha=5298f6be12ea — a pre-read of mas-bandwidth/nova-tools#2101 at head 793a3936e727: pulse: pool-capacity aggregation and atomic metr	"PREREAD: open the PR diff; every claimed defect line must exist in the diff and be a defect; every ""proven"" claim must be visible; note if the PR head moved since."	Johnny	results/card-tools22-pre-2101-r4/RESULT.md
card-tools22-pre-2101-r5	tools22-pre	-	RESULT tools22-pre-2101-r1 sha=5298f6be12ea — a pre-read of mas-bandwidth/nova-tools#2101 at head 793a3936e727: pulse: pool-capacity aggregation and atomic metr	"PREREAD: open the PR diff; every claimed defect line must exist in the diff and be a defect; every ""proven"" claim must be visible; note if the PR head moved since."	Johnny	results/card-tools22-pre-2101-r5/RESULT.md
card-tools22-pre-2108-r3	tools22-pre	deepseek/deepseek-v4-flash	RESULT tools22-pre-2108-r3 sha=5298f6be12ea — a pre-read of mas-bandwidth/nova-tools#2108 at head fc4866097bf6: accept: a card-printed wall marker is not ABSTAI	"PREREAD: open the PR diff; every claimed defect line must exist in the diff and be a defect; every ""proven"" claim must be visible; note if the PR head moved since."	Johnny	results/card-tools22-pre-2108-r3/RESULT.md
card-tools22-pre-2109-r3	tools22-pre	deepseek/deepseek-v4-flash	RESULT tools22-pre-2109-r3 sha=5298f6be12ea — a pre-read of mas-bandwidth/nova-tools#2109 at head fcbf9cb1dcbd: fill: the bench's SEAT comes from the registry, 	"PREREAD: open the PR diff; every claimed defect line must exist in the diff and be a defect; every ""proven"" claim must be visible; note if the PR head moved since."	Johnny	results/card-tools22-pre-2109-r3/RESULT.md
card-tools22-pre-2109-r4	tools22-pre	deepseek-v4-flash	RESULT tools22-pre-2109-r4 sha=5298f6be12ea — a pre-read of mas-bandwidth/nova-tools#2109 at head fcbf9cb1dcbd: fill: the bench's SEAT comes from the registry, 	"PREREAD: open the PR diff; every claimed defect line must exist in the diff and be a defect; every ""proven"" claim must be visible; note if the PR head moved since."	Johnny	results/card-tools22-pre-2109-r4/RESULT.md
card-tools22-pre-2115-r2	tools22-pre	deepseek-v4-flash	RESULT tools22-pre-2115-r2 sha=5298f6be12ea — a pre-read of mas-bandwidth/nova-tools#2115 at head 111e48c81139: nova-secrets: restore the store after seal --no-	"PREREAD: open the PR diff; every claimed defect line must exist in the diff and be a defect; every ""proven"" claim must be visible; note if the PR head moved since."	Johnny	results/card-tools22-pre-2115-r2/RESULT.md
card-tools22-pre-2115-r3	tools22-pre	qwen/qwen3.7-flash	RESULT tools22-pre-2115-r3 sha=5298f6be12ea — a pre-read of mas-bandwidth/nova-tools#2115 at head 111e48c81139: nova-secrets: restore the store after seal --no-	"PREREAD: open the PR diff; every claimed defect line must exist in the diff and be a defect; every ""proven"" claim must be visible; note if the PR head moved since."	Johnny	results/card-tools22-pre-2115-r3/RESULT.md
card-tools22-pre-2116-r4	tools22-pre	qwen/qwen3.7-flash	RESULT tools22-pre-2116-r4 sha=5298f6be12ea — a pre-read of mas-bandwidth/nova-tools#2116 at head d0e2b533c677: cut --kind writes typed headers so lint --card a	"PREREAD: open the PR diff; every claimed defect line must exist in the diff and be a defect; every ""proven"" claim must be visible; note if the PR head moved since."	Johnny	results/card-tools22-pre-2116-r4/RESULT.md
card-tools22-pre-2118-r2	tools22-pre	deepseek-v4-flash	RESULT tools22-pre-2118-r2 sha=5298f6be12ea — a pre-read of mas-bandwidth/nova-tools#2118 at head bb5553af4698: nova-review mutate --seed: isolate git/go childr	"PREREAD: open the PR diff; every claimed defect line must exist in the diff and be a defect; every ""proven"" claim must be visible; note if the PR head moved since."	Johnny	results/card-tools22-pre-2118-r2/RESULT.md
card-tools22-pre-2119-r5	tools22-pre	deepseek-v4-flash	RESULT tools22-pre-2119-r5 sha=5298f6be12ea — a pre-read of mas-bandwidth/nova-tools#2119 at head dee6a13e8593: fill: one poisoned registry row disables that be	"PREREAD: open the PR diff; every claimed defect line must exist in the diff and be a defect; every ""proven"" claim must be visible; note if the PR head moved since."	Johnny	results/card-tools22-pre-2119-r5/RESULT.md
card-tools22-pre-2127-r5	tools22-pre	-	"""RESULT tools22-pre-2127-r1 sha=5298f6be12ea — a pre-read of mas-bandwidth/nova-tools#2127 at head 389fa4700151: Johnny Grok: bound read-card turns and cap reas"	"PREREAD: open the PR diff; every claimed defect line must exist in the diff and be a defect; every ""proven"" claim must be visible; note if the PR head moved since."	Johnny	results/card-tools22-pre-2127-r5/RESULT.md
card-tools22-pre-2131-r2	tools22-pre	-	RESULT tools22-pre-2131-r1 sha=5298f6be12ea — a pre-read of mas-bandwidth/nova-tools#2131 at head 31bff5ca9a6f: nova-swarm: --tokens is required on every native	"PREREAD: open the PR diff; every claimed defect line must exist in the diff and be a defect; every ""proven"" claim must be visible; note if the PR head moved since."	Johnny	results/card-tools22-pre-2131-r2/RESULT.md
card-tools22-pre-2131-r3	tools22-pre	-	RESULT tools22-pre-2131-r1 sha=5298f6be12ea — a pre-read of mas-bandwidth/nova-tools#2131 at head 31bff5ca9a6f: nova-swarm: --tokens is required on every native	"PREREAD: open the PR diff; every claimed defect line must exist in the diff and be a defect; every ""proven"" claim must be visible; note if the PR head moved since."	Johnny	results/card-tools22-pre-2131-r3/RESULT.md
card-tools22-pre-2131-r5	tools22-pre	-	RESULT tools22-pre-2131-r1 sha=5298f6be12ea — a pre-read of mas-bandwidth/nova-tools#2131 at head 31bff5ca9a6f: nova-swarm: --tokens is required on every native	"PREREAD: open the PR diff; every claimed defect line must exist in the diff and be a defect; every ""proven"" claim must be visible; note if the PR head moved since."	Johnny	results/card-tools22-pre-2131-r5/RESULT.md
card-tools22-pre-2132-r2	tools22-pre	-	RESULT tools22-pre-2132-r1 sha=5298f6be12ea — a pre-read of mas-bandwidth/nova-tools#2132 at head d09a92889aa4: fill/harvest: timeouts and per-host isolation so	"PREREAD: open the PR diff; every claimed defect line must exist in the diff and be a defect; every ""proven"" claim must be visible; note if the PR head moved since."	Johnny	results/card-tools22-pre-2132-r2/RESULT.md
card-tools22-pre-2132-r3	tools22-pre	-	RESULT tools22-pre-2132-r1 sha=5298f6be12ea — a pre-read of mas-bandwidth/nova-tools#2132 at head d09a92889aa4: fill/harvest: timeouts and per-host isolation so	"PREREAD: open the PR diff; every claimed defect line must exist in the diff and be a defect; every ""proven"" claim must be visible; note if the PR head moved since."	Johnny	results/card-tools22-pre-2132-r3/RESULT.md
card-tools22-pre-2133-r2	tools22-pre	-	RESULT tools22-pre-2133-r1 sha=5298f6be12ea — a pre-read of mas-bandwidth/nova-tools#2133 at head 0734b481de1e: lifecycle: durable attempt ledger for launch	"PREREAD: open the PR diff; every claimed defect line must exist in the diff and be a defect; every ""proven"" claim must be visible; note if the PR head moved since."	Johnny	results/card-tools22-pre-2133-r2/RESULT.md
card-tools22-pre-2133-r3	tools22-pre	-	RESULT tools22-pre-2133-r1 sha=5298f6be12ea — a pre-read of mas-bandwidth/nova-tools#2133 at head 0734b481de1e: lifecycle: durable attempt ledger for launch	"PREREAD: open the PR diff; every claimed defect line must exist in the diff and be a defect; every ""proven"" claim must be visible; note if the PR head moved since."	Johnny	results/card-tools22-pre-2133-r3/RESULT.md
card-tools22-pre-2133-r5	tools22-pre	-	RESULT tools22-pre-2133-r1 sha=5298f6be12ea — a pre-read of mas-bandwidth/nova-tools#2133 at head 0734b481de1e: lifecycle: durable attempt ledger for launch	"PREREAD: open the PR diff; every claimed defect line must exist in the diff and be a defect; every ""proven"" claim must be visible; note if the PR head moved since."	Johnny	results/card-tools22-pre-2133-r5/RESULT.md
card-tools22-pre-2134-r2	tools22-pre	-	RESULT tools22-pre-2134-r1 sha=5298f6be12ea — a pre-read of mas-bandwidth/nova-tools#2134 at head d90d2e9952c4: harvest: effect-owner fence epoch and RUN action	"PREREAD: open the PR diff; every claimed defect line must exist in the diff and be a defect; every ""proven"" claim must be visible; note if the PR head moved since."	Johnny	results/card-tools22-pre-2134-r2/RESULT.md
card-tools22-pre-2134-r3	tools22-pre	-	RESULT tools22-pre-2134-r1 sha=5298f6be12ea — a pre-read of mas-bandwidth/nova-tools#2134 at head d90d2e9952c4: harvest: effect-owner fence epoch and RUN action	"PREREAD: open the PR diff; every claimed defect line must exist in the diff and be a defect; every ""proven"" claim must be visible; note if the PR head moved since."	Johnny	results/card-tools22-pre-2134-r3/RESULT.md
card-tools22-pre-2134-r5	tools22-pre	-	RESULT tools22-pre-2134-r1 sha=5298f6be12ea — a pre-read of mas-bandwidth/nova-tools#2134 at head d90d2e9952c4: harvest: effect-owner fence epoch and RUN action	"PREREAD: open the PR diff; every claimed defect line must exist in the diff and be a defect; every ""proven"" claim must be visible; note if the PR head moved since."	Johnny	results/card-tools22-pre-2134-r5/RESULT.md
card-tools22-pre-2135-r3	tools22-pre	-	RESULT tools22-pre-2135-r1 sha=5298f6be12ea — a pre-read of mas-bandwidth/nova-tools#2135 at head d76aeaaa533d: nova-tokens: pin fold-pool usage in help so reve	"PREREAD: open the PR diff; every claimed defect line must exist in the diff and be a defect; every ""proven"" claim must be visible; note if the PR head moved since."	Johnny	results/card-tools22-pre-2135-r3/RESULT.md
card-tools22-pre-2137-r5	tools22-pre	-	RESULT tools22-pre-2137-r1 sha=5298f6be12ea — a pre-read of mas-bandwidth/nova-tools#2137 at head c01e9da5daaf: memindex: guard the bounded heap top-k selector 	"PREREAD: open the PR diff; every claimed defect line must exist in the diff and be a defect; every ""proven"" claim must be visible; note if the PR head moved since."	Johnny	results/card-tools22-pre-2137-r5/RESULT.md
card-tools22-pre-2138-r2	tools22-pre	-	RESULT tools22-pre-2138-r1 sha=5298f6be12ea — a pre-read of mas-bandwidth/nova-tools#2138 at head 38d47636bdef: tests: fakerunner whole-file write is published 	"PREREAD: open the PR diff; every claimed defect line must exist in the diff and be a defect; every ""proven"" claim must be visible; note if the PR head moved since."	Johnny	results/card-tools22-pre-2138-r2/RESULT.md
card-tools22-pre-2138-r3	tools22-pre	-	RESULT tools22-pre-2138-r1 sha=5298f6be12ea — a pre-read of mas-bandwidth/nova-tools#2138 at head 38d47636bdef: tests: fakerunner whole-file write is published 	"PREREAD: open the PR diff; every claimed defect line must exist in the diff and be a defect; every ""proven"" claim must be visible; note if the PR head moved since."	Johnny	results/card-tools22-pre-2138-r3/RESULT.md
card-tools22-pre-2139-r3	tools22-pre	-	RESULT tools22-pre-2139-r1 sha=5298f6be12ea — a pre-read of mas-bandwidth/nova-tools#2139 at head 4ae65b22845b: work: E01-F02 read bounds solver and unknown nod	"PREREAD: open the PR diff; every claimed defect line must exist in the diff and be a defect; every ""proven"" claim must be visible; note if the PR head moved since."	Johnny	results/card-tools22-pre-2139-r3/RESULT.md
card-tools22-pre-2139-r5	tools22-pre	-	RESULT tools22-pre-2139-r1 sha=5298f6be12ea — a pre-read of mas-bandwidth/nova-tools#2139 at head 4ae65b22845b: work: E01-F02 read bounds solver and unknown nod	"PREREAD: open the PR diff; every claimed defect line must exist in the diff and be a defect; every ""proven"" claim must be visible; note if the PR head moved since."	Johnny	results/card-tools22-pre-2139-r5/RESULT.md
card-tools22-pre-2140-r5	tools22-pre	-	RESULT tools22-pre-2140-r1 sha=5298f6be12ea — a pre-read of mas-bandwidth/nova-tools#2140 at head 5bd40e026cbe: nova-sandbox: prove the WSL2 resolv.conf symlink	"PREREAD: open the PR diff; every claimed defect line must exist in the diff and be a defect; every ""proven"" claim must be visible; note if the PR head moved since."	Johnny	results/card-tools22-pre-2140-r5/RESULT.md
card-tools22-pre-2141-r2	tools22-pre	-	RESULT tools22-pre-2141-r1 sha=5298f6be12ea — a pre-read of mas-bandwidth/nova-tools#2141 at head 41df639c6dca: internal/swarm: dispatcher releases slot leases 	"PREREAD: open the PR diff; every claimed defect line must exist in the diff and be a defect; every ""proven"" claim must be visible; note if the PR head moved since."	Johnny	results/card-tools22-pre-2141-r2/RESULT.md
card-tools22-pre-2141-r3	tools22-pre	-	RESULT tools22-pre-2141-r1 sha=5298f6be12ea — a pre-read of mas-bandwidth/nova-tools#2141 at head 41df639c6dca: internal/swarm: dispatcher releases slot leases 	"PREREAD: open the PR diff; every claimed defect line must exist in the diff and be a defect; every ""proven"" claim must be visible; note if the PR head moved since."	Johnny	results/card-tools22-pre-2141-r3/RESULT.md
card-tools22-pre-2141-r5	tools22-pre	-	RESULT tools22-pre-2141-r1 sha=5298f6be12ea — a pre-read of mas-bandwidth/nova-tools#2141 at head 41df639c6dca: internal/swarm: dispatcher releases slot leases 	"PREREAD: open the PR diff; every claimed defect line must exist in the diff and be a defect; every ""proven"" claim must be visible; note if the PR head moved since."	Johnny	results/card-tools22-pre-2141-r5/RESULT.md
card-tools22-pre-2142-r2	tools22-pre	-	RESULT tools22-pre-2142-r1 sha=5298f6be12ea — a pre-read of mas-bandwidth/nova-tools#2142 at head e992d1662345: nova-merge simulate/batch: check children do not	"PREREAD: open the PR diff; every claimed defect line must exist in the diff and be a defect; every ""proven"" claim must be visible; note if the PR head moved since."	Johnny	results/card-tools22-pre-2142-r2/RESULT.md
card-tools22-pre-2142-r3	tools22-pre	-	RESULT tools22-pre-2142-r1 sha=5298f6be12ea — a pre-read of mas-bandwidth/nova-tools#2142 at head e992d1662345: nova-merge simulate/batch: check children do not	"PREREAD: open the PR diff; every claimed defect line must exist in the diff and be a defect; every ""proven"" claim must be visible; note if the PR head moved since."	Johnny	results/card-tools22-pre-2142-r3/RESULT.md
card-tools22-pre-2143-r2	tools22-pre	-	RESULT tools22-pre-2143-r1 sha=5298f6be12ea — a pre-read of mas-bandwidth/nova-tools#2143 at head 8b8cdc18ddf7: release adopt: do not trust a partial release di	"PREREAD: open the PR diff; every claimed defect line must exist in the diff and be a defect; every ""proven"" claim must be visible; note if the PR head moved since."	Johnny	results/card-tools22-pre-2143-r2/RESULT.md
card-tools22-pre-2143-r3	tools22-pre	-	RESULT tools22-pre-2143-r1 sha=5298f6be12ea — a pre-read of mas-bandwidth/nova-tools#2143 at head 8b8cdc18ddf7: release adopt: do not trust a partial release di	"PREREAD: open the PR diff; every claimed defect line must exist in the diff and be a defect; every ""proven"" claim must be visible; note if the PR head moved since."	Johnny	results/card-tools22-pre-2143-r3/RESULT.md
card-tools22-pre-2143-r5	tools22-pre	-	RESULT tools22-pre-2143-r1 sha=5298f6be12ea — a pre-read of mas-bandwidth/nova-tools#2143 at head 8b8cdc18ddf7: release adopt: do not trust a partial release di	"PREREAD: open the PR diff; every claimed defect line must exist in the diff and be a defect; every ""proven"" claim must be visible; note if the PR head moved since."	Johnny	results/card-tools22-pre-2143-r5/RESULT.md
card-tools22-pre-2145-r2	tools22-pre	-	RESULT tools22-pre-2145-r1 sha=5298f6be12ea — a pre-read of mas-bandwidth/nova-tools#2145 at head 0a7578201778: pulse: provisioning tracks go.mod's go directive	"PREREAD: open the PR diff; every claimed defect line must exist in the diff and be a defect; every ""proven"" claim must be visible; note if the PR head moved since."	Johnny	results/card-tools22-pre-2145-r2/RESULT.md
card-tools22-pre-2145-r3	tools22-pre	-	RESULT tools22-pre-2145-r1 sha=5298f6be12ea — a pre-read of mas-bandwidth/nova-tools#2145 at head 0a7578201778: pulse: provisioning tracks go.mod's go directive	"PREREAD: open the PR diff; every claimed defect line must exist in the diff and be a defect; every ""proven"" claim must be visible; note if the PR head moved since."	Johnny	results/card-tools22-pre-2145-r3/RESULT.md
card-tools22-pre-2146-r2	tools22-pre	-	RESULT tools22-pre-2146-r1 sha=5298f6be12ea — a pre-read of mas-bandwidth/nova-tools#2146 at head c427447e9bbf: sandbox: C++ compiles inside the darwin wall (#1	"PREREAD: open the PR diff; every claimed defect line must exist in the diff and be a defect; every ""proven"" claim must be visible; note if the PR head moved since."	Johnny	results/card-tools22-pre-2146-r2/RESULT.md
card-tools22-pre-2146-r3	tools22-pre	-	RESULT tools22-pre-2146-r1 sha=5298f6be12ea — a pre-read of mas-bandwidth/nova-tools#2146 at head c427447e9bbf: sandbox: C++ compiles inside the darwin wall (#1	"PREREAD: open the PR diff; every claimed defect line must exist in the diff and be a defect; every ""proven"" claim must be visible; note if the PR head moved since."	Johnny	results/card-tools22-pre-2146-r3/RESULT.md
card-tools22-pre-2146-r5	tools22-pre	-	RESULT tools22-pre-2146-r1 sha=5298f6be12ea — a pre-read of mas-bandwidth/nova-tools#2146 at head c427447e9bbf: sandbox: C++ compiles inside the darwin wall (#1	"PREREAD: open the PR diff; every claimed defect line must exist in the diff and be a defect; every ""proven"" claim must be visible; note if the PR head moved since."	Johnny	results/card-tools22-pre-2146-r5/RESULT.md
card-tools22-pre-2147-r5	tools22-pre	-	RESULT tools22-pre-2147-r1 sha=5298f6be12ea — a pre-read of mas-bandwidth/nova-tools#2147 at head 3cac2c1daa7d: hygiene: pin KindDeclared and drive-letter PATHS	"PREREAD: open the PR diff; every claimed defect line must exist in the diff and be a defect; every ""proven"" claim must be visible; note if the PR head moved since."	Johnny	results/card-tools22-pre-2147-r5/RESULT.md
card-tools22-pre-2148-r2	tools22-pre	-	RESULT tools22-pre-2148-r4 sha=5298f6be12ea — a pre-read of mas-bandwidth/nova-tools#2148 at head 03ee3a1847db: lint --card: refuse unknown KIND, drive-letter P	"PREREAD: open the PR diff; every claimed defect line must exist in the diff and be a defect; every ""proven"" claim must be visible; note if the PR head moved since."	Johnny	results/card-tools22-pre-2148-r2/RESULT.md
card-tools22-pre-2148-r3	tools22-pre	-	RESULT tools22-pre-2148-r4 sha=5298f6be12ea — a pre-read of mas-bandwidth/nova-tools#2148 at head 03ee3a1847db: lint --card: refuse unknown KIND, drive-letter P	"PREREAD: open the PR diff; every claimed defect line must exist in the diff and be a defect; every ""proven"" claim must be visible; note if the PR head moved since."	Johnny	results/card-tools22-pre-2148-r3/RESULT.md
card-tools22-pre-2149-r2	tools22-pre	-	RESULT tools22-pre-2149-r1 sha=5298f6be12ea — a pre-read of mas-bandwidth/nova-tools#2149 at head 410b28681418: tests: standing probe for planted symlink and FI	"PREREAD: open the PR diff; every claimed defect line must exist in the diff and be a defect; every ""proven"" claim must be visible; note if the PR head moved since."	Johnny	results/card-tools22-pre-2149-r2/RESULT.md
card-tools22-pre-2149-r3	tools22-pre	-	RESULT tools22-pre-2149-r1 sha=5298f6be12ea — a pre-read of mas-bandwidth/nova-tools#2149 at head 410b28681418: tests: standing probe for planted symlink and FI	"PREREAD: open the PR diff; every claimed defect line must exist in the diff and be a defect; every ""proven"" claim must be visible; note if the PR head moved since."	Johnny	results/card-tools22-pre-2149-r3/RESULT.md
card-tools22-pre-2150-r5	tools22-pre	-	RESULT tools22-pre-2150-r1 sha=5298f6be12ea — a pre-read of mas-bandwidth/nova-tools#2150 at head 5233434fb754: Reap leftover supervise that ignores TERM (#1598	"PREREAD: open the PR diff; every claimed defect line must exist in the diff and be a defect; every ""proven"" claim must be visible; note if the PR head moved since."	Johnny	results/card-tools22-pre-2150-r5/RESULT.md
card-tools22-pre-2151-r2	tools22-pre	-	RESULT tools22-pre-2151-r1 sha=5298f6be12ea — a pre-read of mas-bandwidth/nova-tools#2151 at head fc653ac9402a317560a34d2264a6e51e6d95d9bd: sandbox, secrets: pi	"PREREAD: open the PR diff; every claimed defect line must exist in the diff and be a defect; every ""proven"" claim must be visible; note if the PR head moved since."	Johnny	results/card-tools22-pre-2151-r2/RESULT.md
card-tools22-pre-2151-r3	tools22-pre	-	RESULT tools22-pre-2151-r1 sha=5298f6be12ea — a pre-read of mas-bandwidth/nova-tools#2151 at head fc653ac9402a317560a34d2264a6e51e6d95d9bd: sandbox, secrets: pi	"PREREAD: open the PR diff; every claimed defect line must exist in the diff and be a defect; every ""proven"" claim must be visible; note if the PR head moved since."	Johnny	results/card-tools22-pre-2151-r3/RESULT.md
card-tools22-pre-2151-r5	tools22-pre	-	RESULT tools22-pre-2151-r1 sha=5298f6be12ea — a pre-read of mas-bandwidth/nova-tools#2151 at head fc653ac9402a317560a34d2264a6e51e6d95d9bd: sandbox, secrets: pi	"PREREAD: open the PR diff; every claimed defect line must exist in the diff and be a defect; every ""proven"" claim must be visible; note if the PR head moved since."	Johnny	results/card-tools22-pre-2151-r5/RESULT.md
card-tools22-pre-2152-r3	tools22-pre	-	RESULT tools22-pre-2152-r4 sha=5298f6be12ea — a pre-read of mas-bandwidth/nova-tools#2152 at head 9699b2715d33: swarm: guard unguarded production so reverting i	"PREREAD: open the PR diff; every claimed defect line must exist in the diff and be a defect; every ""proven"" claim must be visible; note if the PR head moved since."	Johnny	results/card-tools22-pre-2152-r3/RESULT.md
card-tools22-pre-2153-r2	tools22-pre	-	RESULT tools22-pre-2153-r1 sha=5298f6be12ea — a pre-read of mas-bandwidth/nova-tools#2153 at head 863795ba97ec: harvest: verify fence epoch and RUN token at eff	"PREREAD: open the PR diff; every claimed defect line must exist in the diff and be a defect; every ""proven"" claim must be visible; note if the PR head moved since."	Johnny	results/card-tools22-pre-2153-r2/RESULT.md
card-tools22-pre-2153-r3	tools22-pre	-	RESULT tools22-pre-2153-r1 sha=5298f6be12ea — a pre-read of mas-bandwidth/nova-tools#2153 at head 863795ba97ec: harvest: verify fence epoch and RUN token at eff	"PREREAD: open the PR diff; every claimed defect line must exist in the diff and be a defect; every ""proven"" claim must be visible; note if the PR head moved since."	Johnny	results/card-tools22-pre-2153-r3/RESULT.md
card-tools22-pre-2154-r2	tools22-pre	-	RESULT tools22-pre-2154-r4 sha=5298f6be12ea — a pre-read of mas-bandwidth/nova-tools#2154 at head 6cc7e810d616: pulse: pin six production changes so reverting t	"PREREAD: open the PR diff; every claimed defect line must exist in the diff and be a defect; every ""proven"" claim must be visible; note if the PR head moved since."	Johnny	results/card-tools22-pre-2154-r2/RESULT.md
card-tools22-pre-2154-r3	tools22-pre	-	RESULT tools22-pre-2154-r4 sha=5298f6be12ea — a pre-read of mas-bandwidth/nova-tools#2154 at head 6cc7e810d616: pulse: pin six production changes so reverting t	"PREREAD: open the PR diff; every claimed defect line must exist in the diff and be a defect; every ""proven"" claim must be visible; note if the PR head moved since."	Johnny	results/card-tools22-pre-2154-r3/RESULT.md
card-tools22-pre-2154-r5	tools22-pre	-	RESULT tools22-pre-2154-r4 sha=5298f6be12ea — a pre-read of mas-bandwidth/nova-tools#2154 at head 6cc7e810d616: pulse: pin six production changes so reverting t	"PREREAD: open the PR diff; every claimed defect line must exist in the diff and be a defect; every ""proven"" claim must be visible; note if the PR head moved since."	Johnny	results/card-tools22-pre-2154-r5/RESULT.md
card-tools22-pre-236-r3	tools22-pre	-	RESULT tools22-pre-236-r1 sha=5298f6be12ea — a pre-read of mas-bandwidth/nova-tools#236 at head a19af31c657c	"PREREAD: open the PR diff; every claimed defect line must exist in the diff and be a defect; every ""proven"" claim must be visible; note if the PR head moved since."	Johnny	results/card-tools22-pre-236-r3/RESULT.md
card-tools22-pre-237-r5	tools22-pre	-	RESULT tools22-pre-237-r1 sha=5298f6be12ea — a pre-read of mas-bandwidth/nova-tools#237 at head 4753e9c30ba8: nova-release: SPEC draft 1	"PREREAD: open the PR diff; every claimed defect line must exist in the diff and be a defect; every ""proven"" claim must be visible; note if the PR head moved since."	Johnny	results/card-tools22-pre-237-r5/RESULT.md
card-tools22-pre-238-r2	tools22-pre	-	"""RESULT tools22-pre-238-r1 sha=5298f6be12ea — a pre-read of mas-bandwidth/nova-tools#238 at head a32b149cbe03: Specify nova-redis as local scratch and cache wit"	"PREREAD: open the PR diff; every claimed defect line must exist in the diff and be a defect; every ""proven"" claim must be visible; note if the PR head moved since."	Johnny	results/card-tools22-pre-238-r2/RESULT.md
card-tools22-pre-238-r3	tools22-pre	-	"""RESULT tools22-pre-238-r1 sha=5298f6be12ea — a pre-read of mas-bandwidth/nova-tools#238 at head a32b149cbe03: Specify nova-redis as local scratch and cache wit"	"PREREAD: open the PR diff; every claimed defect line must exist in the diff and be a defect; every ""proven"" claim must be visible; note if the PR head moved since."	Johnny	results/card-tools22-pre-238-r3/RESULT.md
card-tools22-pre-240-r5	tools22-pre	-	RESULT tools22-pre-240-r1 sha=5298f6be12ea — a pre-read of mas-bandwidth/nova-tools#240 at head 269e56d289b1: nova-tokens: attempts joined to work, hot spots, f	"PREREAD: open the PR diff; every claimed defect line must exist in the diff and be a defect; every ""proven"" claim must be visible; note if the PR head moved since."	Johnny	results/card-tools22-pre-240-r5/RESULT.md
card-tools22-pre-242-r2	tools22-pre	-	RESULT tools22-pre-242-r1 sha=5298f6be12ea — a pre-read of mas-bandwidth/nova-tools#242 at head 98348858408b: nova-daemon: SPEC draft 1	"PREREAD: open the PR diff; every claimed defect line must exist in the diff and be a defect; every ""proven"" claim must be visible; note if the PR head moved since."	Johnny	results/card-tools22-pre-242-r2/RESULT.md
card-tools22-pre-242-r3	tools22-pre	-	RESULT tools22-pre-242-r1 sha=5298f6be12ea — a pre-read of mas-bandwidth/nova-tools#242 at head 98348858408b: nova-daemon: SPEC draft 1	"PREREAD: open the PR diff; every claimed defect line must exist in the diff and be a defect; every ""proven"" claim must be visible; note if the PR head moved since."	Johnny	results/card-tools22-pre-242-r3/RESULT.md
card-tools22-pre-243-r2	tools22-pre	-	RESULT tools22-pre-243-r1 sha=5298f6be12ea — a pre-read of mas-bandwidth/nova-tools#243 at head 60f00c4abff4: nova-admin: SPEC draft 1	"PREREAD: open the PR diff; every claimed defect line must exist in the diff and be a defect; every ""proven"" claim must be visible; note if the PR head moved since."	Johnny	results/card-tools22-pre-243-r2/RESULT.md
card-tools22-pre-243-r3	tools22-pre	-	RESULT tools22-pre-243-r1 sha=5298f6be12ea — a pre-read of mas-bandwidth/nova-tools#243 at head 60f00c4abff4: nova-admin: SPEC draft 1	"PREREAD: open the PR diff; every claimed defect line must exist in the diff and be a defect; every ""proven"" claim must be visible; note if the PR head moved since."	Johnny	results/card-tools22-pre-243-r3/RESULT.md
card-tools22-pre-243-r5	tools22-pre	-	RESULT tools22-pre-243-r1 sha=5298f6be12ea — a pre-read of mas-bandwidth/nova-tools#243 at head 60f00c4abff4: nova-admin: SPEC draft 1	"PREREAD: open the PR diff; every claimed defect line must exist in the diff and be a defect; every ""proven"" claim must be visible; note if the PR head moved since."	Johnny	results/card-tools22-pre-243-r5/RESULT.md
card-tools22-pre-244-r2	tools22-pre	-	RESULT tools22-pre-244-r1 sha=5298f6be12ea — a pre-read of mas-bandwidth/nova-tools#244 at head 9efe6d40c337: nova-run: SPEC draft 1	"PREREAD: open the PR diff; every claimed defect line must exist in the diff and be a defect; every ""proven"" claim must be visible; note if the PR head moved since."	Johnny	results/card-tools22-pre-244-r2/RESULT.md
card-tools22-pre-244-r3	tools22-pre	-	RESULT tools22-pre-244-r1 sha=5298f6be12ea — a pre-read of mas-bandwidth/nova-tools#244 at head 9efe6d40c337: nova-run: SPEC draft 1	"PREREAD: open the PR diff; every claimed defect line must exist in the diff and be a defect; every ""proven"" claim must be visible; note if the PR head moved since."	Johnny	results/card-tools22-pre-244-r3/RESULT.md
card-tools22-pre-244-r5	tools22-pre	-	RESULT tools22-pre-244-r1 sha=5298f6be12ea — a pre-read of mas-bandwidth/nova-tools#244 at head 9efe6d40c337: nova-run: SPEC draft 1	"PREREAD: open the PR diff; every claimed defect line must exist in the diff and be a defect; every ""proven"" claim must be visible; note if the PR head moved since."	Johnny	results/card-tools22-pre-244-r5/RESULT.md
card-tools22-pre-580-r5	tools22-pre	deepseek-v4-flash	RESULT tools22-pre-580-r5 sha=5298f6be12ea — a pre-read of mas-bandwidth/nova-tools#580 at head 5b5919945c52: Add a short source-linked terminology guide	"PREREAD: open the PR diff; every claimed defect line must exist in the diff and be a defect; every ""proven"" claim must be visible; note if the PR head moved since."	Johnny	results/card-tools22-pre-580-r5/RESULT.md
card-tools22-pre-599-r2	tools22-pre	-	RESULT tools22-pre-599-r4 sha=5298f6be12ea — a pre-read of mas-bandwidth/nova-tools#599 at head d0421f10f044: nova-swarm native opens the loopback a keyless pro	"PREREAD: open the PR diff; every claimed defect line must exist in the diff and be a defect; every ""proven"" claim must be visible; note if the PR head moved since."	Johnny	results/card-tools22-pre-599-r2/RESULT.md
card-tools22-pre-599-r3	tools22-pre	-	RESULT tools22-pre-599-r4 sha=5298f6be12ea — a pre-read of mas-bandwidth/nova-tools#599 at head d0421f10f044: nova-swarm native opens the loopback a keyless pro	"PREREAD: open the PR diff; every claimed defect line must exist in the diff and be a defect; every ""proven"" claim must be visible; note if the PR head moved since."	Johnny	results/card-tools22-pre-599-r3/RESULT.md
card-tools22-pre-599-r5	tools22-pre	-	RESULT tools22-pre-599-r4 sha=5298f6be12ea — a pre-read of mas-bandwidth/nova-tools#599 at head d0421f10f044: nova-swarm native opens the loopback a keyless pro	"PREREAD: open the PR diff; every claimed defect line must exist in the diff and be a defect; every ""proven"" claim must be visible; note if the PR head moved since."	Johnny	results/card-tools22-pre-599-r5/RESULT.md
card-tools22-pre-642-r2	tools22-pre	-	RESULT tools22-pre-642-r1 sha=5298f6be12ea — a pre-read of mas-bandwidth/nova-tools#642 at head 0784281e5afa: nova-board: create the directory on first add	"PREREAD: open the PR diff; every claimed defect line must exist in the diff and be a defect; every ""proven"" claim must be visible; note if the PR head moved since."	Johnny	results/card-tools22-pre-642-r2/RESULT.md
card-tools22-pre-642-r3	tools22-pre	-	RESULT tools22-pre-642-r1 sha=5298f6be12ea — a pre-read of mas-bandwidth/nova-tools#642 at head 0784281e5afa: nova-board: create the directory on first add	"PREREAD: open the PR diff; every claimed defect line must exist in the diff and be a defect; every ""proven"" claim must be visible; note if the PR head moved since."	Johnny	results/card-tools22-pre-642-r3/RESULT.md
card-tools22-pre-642-r5	tools22-pre	-	RESULT tools22-pre-642-r1 sha=5298f6be12ea — a pre-read of mas-bandwidth/nova-tools#642 at head 0784281e5afa: nova-board: create the directory on first add	"PREREAD: open the PR diff; every claimed defect line must exist in the diff and be a defect; every ""proven"" claim must be visible; note if the PR head moved since."	Johnny	results/card-tools22-pre-642-r5/RESULT.md
card-tools22-pre-680-r2	tools22-pre	-	RESULT tools22-pre-680-r1 sha=5298f6be12ea — a pre-read of mas-bandwidth/nova-tools#680 at head d44981302966: nova-tools #675 fixed with its red test first: nov	"PREREAD: open the PR diff; every claimed defect line must exist in the diff and be a defect; every ""proven"" claim must be visible; note if the PR head moved since."	Johnny	results/card-tools22-pre-680-r2/RESULT.md
card-tools22-pre-680-r3	tools22-pre	-	RESULT tools22-pre-680-r1 sha=5298f6be12ea — a pre-read of mas-bandwidth/nova-tools#680 at head d44981302966: nova-tools #675 fixed with its red test first: nov	"PREREAD: open the PR diff; every claimed defect line must exist in the diff and be a defect; every ""proven"" claim must be visible; note if the PR head moved since."	Johnny	results/card-tools22-pre-680-r3/RESULT.md
card-tools22-pre-680-r5	tools22-pre	-	RESULT tools22-pre-680-r1 sha=5298f6be12ea — a pre-read of mas-bandwidth/nova-tools#680 at head d44981302966: nova-tools #675 fixed with its red test first: nov	"PREREAD: open the PR diff; every claimed defect line must exist in the diff and be a defect; every ""proven"" claim must be visible; note if the PR head moved since."	Johnny	results/card-tools22-pre-680-r5/RESULT.md
card-tools22-pre-776-r2	tools22-pre	-	RESULT tools22-pre-776-r1 sha=5298f6be12ea — a pre-read of mas-bandwidth/nova-tools#776 at head 748ca7e77ad4: nova-tools nova-swarm verify and batch: a verdict 	"PREREAD: open the PR diff; every claimed defect line must exist in the diff and be a defect; every ""proven"" claim must be visible; note if the PR head moved since."	Johnny	results/card-tools22-pre-776-r2/RESULT.md
card-tools22-pre-776-r3	tools22-pre	-	RESULT tools22-pre-776-r1 sha=5298f6be12ea — a pre-read of mas-bandwidth/nova-tools#776 at head 748ca7e77ad4: nova-tools nova-swarm verify and batch: a verdict 	"PREREAD: open the PR diff; every claimed defect line must exist in the diff and be a defect; every ""proven"" claim must be visible; note if the PR head moved since."	Johnny	results/card-tools22-pre-776-r3/RESULT.md
card-tools22-pre-776-r5	tools22-pre	-	RESULT tools22-pre-776-r1 sha=5298f6be12ea — a pre-read of mas-bandwidth/nova-tools#776 at head 748ca7e77ad4: nova-tools nova-swarm verify and batch: a verdict 	"PREREAD: open the PR diff; every claimed defect line must exist in the diff and be a defect; every ""proven"" claim must be visible; note if the PR head moved since."	Johnny	results/card-tools22-pre-776-r5/RESULT.md
card-tools22-pre-814-r2	tools22-pre	-	RESULT tools22-pre-814-r1 sha=5298f6be12ea — a pre-read of mas-bandwidth/nova-tools#814 at head 89db45f95696: nova-tools nova-swarm bench probe: a card-shaped p	"PREREAD: open the PR diff; every claimed defect line must exist in the diff and be a defect; every ""proven"" claim must be visible; note if the PR head moved since."	Johnny	results/card-tools22-pre-814-r2/RESULT.md
card-tools22-pre-814-r3	tools22-pre	-	RESULT tools22-pre-814-r1 sha=5298f6be12ea — a pre-read of mas-bandwidth/nova-tools#814 at head 89db45f95696: nova-tools nova-swarm bench probe: a card-shaped p	"PREREAD: open the PR diff; every claimed defect line must exist in the diff and be a defect; every ""proven"" claim must be visible; note if the PR head moved since."	Johnny	results/card-tools22-pre-814-r3/RESULT.md
card-tools22-pre-814-r5	tools22-pre	-	RESULT tools22-pre-814-r1 sha=5298f6be12ea — a pre-read of mas-bandwidth/nova-tools#814 at head 89db45f95696: nova-tools nova-swarm bench probe: a card-shaped p	"PREREAD: open the PR diff; every claimed defect line must exist in the diff and be a defect; every ""proven"" claim must be visible; note if the PR head moved since."	Johnny	results/card-tools22-pre-814-r5/RESULT.md
card-tools22-pre-864-r2	tools22-pre	-	RESULT tools22-pre-864-r1 sha=5298f6be12ea — a pre-read of mas-bandwidth/nova-tools#864 at head d727576bd90f: nova-bus: wake, verdict rows and close --older-tha	"PREREAD: open the PR diff; every claimed defect line must exist in the diff and be a defect; every ""proven"" claim must be visible; note if the PR head moved since."	Johnny	results/card-tools22-pre-864-r2/RESULT.md
card-tools22-pre-864-r3	tools22-pre	-	RESULT tools22-pre-864-r1 sha=5298f6be12ea — a pre-read of mas-bandwidth/nova-tools#864 at head d727576bd90f: nova-bus: wake, verdict rows and close --older-tha	"PREREAD: open the PR diff; every claimed defect line must exist in the diff and be a defect; every ""proven"" claim must be visible; note if the PR head moved since."	Johnny	results/card-tools22-pre-864-r3/RESULT.md
card-tools22-pre-864-r5	tools22-pre	deepseek/deepseek-v4-flash	RESULT tools22-pre-864-r5 sha=5298f6be12ea — a pre-read of mas-bandwidth/nova-tools#864 at head d727576bd90f: nova-bus: wake, verdict rows and close --older-tha	"PREREAD: open the PR diff; every claimed defect line must exist in the diff and be a defect; every ""proven"" claim must be visible; note if the PR head moved since."	Johnny	results/card-tools22-pre-864-r5/RESULT.md
card-tools22-pre-865-r2	tools22-pre	deepseek/deepseek-v4-flash	RESULT tools22-pre-865-r2 sha=5298f6be12ea -- a pre-read of mas-bandwidth/nova-tools#865 at head 49aa717c4342: pulse: failure by cause, tools file their own edg	"PREREAD: open the PR diff; every claimed defect line must exist in the diff and be a defect; every ""proven"" claim must be visible; note if the PR head moved since."	Johnny	results/card-tools22-pre-865-r2/RESULT.md
card-tools22-pre-865-r3	tools22-pre	deepseek-v4-flash	RESULT tools22-pre-865-r3 sha=5298f6be12ea — a pre-read of mas-bandwidth/nova-tools#865 at head 49aa717c4342: pulse: failure by cause, tools file their own edge	"PREREAD: open the PR diff; every claimed defect line must exist in the diff and be a defect; every ""proven"" claim must be visible; note if the PR head moved since."	Johnny	results/card-tools22-pre-865-r3/RESULT.md
card-tools22-pre-867-r5	tools22-pre	-	tools22-pre-867-r1	"PREREAD: open the PR diff; every claimed defect line must exist in the diff and be a defect; every ""proven"" claim must be visible; note if the PR head moved since."	Johnny	results/card-tools22-pre-867-r5/RESULT.md
card-tools22-pre-868-r2	tools22-pre	-	RESULT tools22-pre-868-r1 sha=5298f6be12ea — a pre-read of mas-bandwidth/nova-tools#868 at head aca5763705c4: nova-pulse rules, routes, brief: POLICY prose beco	"PREREAD: open the PR diff; every claimed defect line must exist in the diff and be a defect; every ""proven"" claim must be visible; note if the PR head moved since."	Johnny	results/card-tools22-pre-868-r2/RESULT.md
card-tools22-pre-868-r3	tools22-pre	-	RESULT tools22-pre-868-r1 sha=5298f6be12ea — a pre-read of mas-bandwidth/nova-tools#868 at head aca5763705c4: nova-pulse rules, routes, brief: POLICY prose beco	"PREREAD: open the PR diff; every claimed defect line must exist in the diff and be a defect; every ""proven"" claim must be visible; note if the PR head moved since."	Johnny	results/card-tools22-pre-868-r3/RESULT.md
card-tools22-pre-923-r2	tools22-pre	-	RESULT tools22-pre-923-r4 sha=5298f6be12ea — a pre-read of mas-bandwidth/nova-tools#923 at head fd5cd82006fd: CARD-8426 nova-tools #607 fixed with its red test 	"PREREAD: open the PR diff; every claimed defect line must exist in the diff and be a defect; every ""proven"" claim must be visible; note if the PR head moved since."	Johnny	results/card-tools22-pre-923-r2/RESULT.md
card-tools22-pre-930-r2	tools22-pre	-	RESULT tools22-pre-930-r1 sha=5298f6be12ea — a pre-read of mas-bandwidth/nova-tools#930 at head 8aff35343d82: CARD-8473 nova-tools #509 fixed with its red test 	"PREREAD: open the PR diff; every claimed defect line must exist in the diff and be a defect; every ""proven"" claim must be visible; note if the PR head moved since."	Johnny	results/card-tools22-pre-930-r2/RESULT.md
card-tools22-pre-930-r3	tools22-pre	-	RESULT tools22-pre-930-r1 sha=5298f6be12ea — a pre-read of mas-bandwidth/nova-tools#930 at head 8aff35343d82: CARD-8473 nova-tools #509 fixed with its red test 	"PREREAD: open the PR diff; every claimed defect line must exist in the diff and be a defect; every ""proven"" claim must be visible; note if the PR head moved since."	Johnny	results/card-tools22-pre-930-r3/RESULT.md
card-tools22-pre-989-r2	tools22-pre	-	RESULT tools22-pre-989-r1 sha=5298f6be12ea — a pre-read of mas-bandwidth/nova-tools#989 at head da0250aaf1c6: CARD-8376 nova-tools #896 done with its red test f	"PREREAD: open the PR diff; every claimed defect line must exist in the diff and be a defect; every ""proven"" claim must be visible; note if the PR head moved since."	Johnny	results/card-tools22-pre-989-r2/RESULT.md
card-tools22-pre-989-r3	tools22-pre	-	RESULT tools22-pre-989-r1 sha=5298f6be12ea — a pre-read of mas-bandwidth/nova-tools#989 at head da0250aaf1c6: CARD-8376 nova-tools #896 done with its red test f	"PREREAD: open the PR diff; every claimed defect line must exist in the diff and be a defect; every ""proven"" claim must be visible; note if the PR head moved since."	Johnny	results/card-tools22-pre-989-r3/RESULT.md
card-tools22-rule-merge-13-L1314	tools22-rule	-	RESULT tools22-rule-merge-13 sha=5298f6be12ea — does the code at this base do what docs/SPEC-MERGE.md rule 13 says?	CONFORMS or DRIFT claim: open the named file:line at dev and the doc line it cites; does the code do what the doc says? A wrong CONFORMS or a false DRIFT is NOT-GREEN.	Emma	results/card-tools22-rule-merge-13-L1314/RESULT.md
card-tools22-rule-merge-14-L1659	tools22-rule	-	RESULT tools22-rule-merge-14 sha=5298f6be12ea	CONFORMS or DRIFT claim: open the named file:line at dev and the doc line it cites; does the code do what the doc says? A wrong CONFORMS or a false DRIFT is NOT-GREEN.	Emma	results/card-tools22-rule-merge-14-L1659/RESULT.md
card-tools22-rule-merge-17-L225	tools22-rule	-	RESULT tools22-rule-merge-17 sha=5298f6be12ea — does the code at this base do what docs/SPEC-MERGE.md rule 17 says?	CONFORMS or DRIFT claim: open the named file:line at dev and the doc line it cites; does the code do what the doc says? A wrong CONFORMS or a false DRIFT is NOT-GREEN.	Emma	results/card-tools22-rule-merge-17-L225/RESULT.md
card-tools22-rule-merge-18-L1689	tools22-rule	-	RESULT tools22-rule-merge-18 sha=5298f6be12ea — does the code at this base do what docs/SPEC-MERGE.md rule 18 says?	CONFORMS or DRIFT claim: open the named file:line at dev and the doc line it cites; does the code do what the doc says? A wrong CONFORMS or a false DRIFT is NOT-GREEN.	Emma	results/card-tools22-rule-merge-18-L1689/RESULT.md
card-tools22-rule-pulse-17-L275	tools22-rule	-	RESULT tools22-rule-pulse-17-L1899 sha=5298f6be12ea — does the code at this base do what docs/SPEC-PULSE.md rule 17 says?	CONFORMS or DRIFT claim: open the named file:line at dev and the doc line it cites; does the code do what the doc says? A wrong CONFORMS or a false DRIFT is NOT-GREEN.	Emma	results/card-tools22-rule-pulse-17-L275/RESULT.md
card-tools22-rule-pulse-17-L716	tools22-rule	deepseek-v4-pro	"""RESULT tools22-rule-pulse-17-L716 sha=5298f6be12ea — does the code at this base do what docs/SPEC-PULSE.md rule 17 says?"	CONFORMS or DRIFT claim: open the named file:line at dev and the doc line it cites; does the code do what the doc says? A wrong CONFORMS or a false DRIFT is NOT-GREEN.	Emma	results/card-tools22-rule-pulse-17-L716/RESULT.md
card-tools22-rule-pulse-18-L1902	tools22-rule	deepseek-v4-pro	RESULT tools22-rule-pulse-18-L1902 sha=5298f6be12ea — does the code at this base do what docs/SPEC-PULSE.md rule 18 says?	CONFORMS or DRIFT claim: open the named file:line at dev and the doc line it cites; does the code do what the doc says? A wrong CONFORMS or a false DRIFT is NOT-GREEN.	Emma	results/card-tools22-rule-pulse-18-L1902/RESULT.md
card-tools22-rule-pulse-18-L292	tools22-rule	deepseek-v4-pro	RESULT tools22-rule-pulse-18-L292 sha=5298f6be12ea — does the code at this base do what docs/SPEC-PULSE.md rule 18 says?	CONFORMS or DRIFT claim: open the named file:line at dev and the doc line it cites; does the code do what the doc says? A wrong CONFORMS or a false DRIFT is NOT-GREEN.	Emma	results/card-tools22-rule-pulse-18-L292/RESULT.md
card-tools22-rule-pulse-18-L717	tools22-rule	deepseek-v4-pro	RESULT tools22-rule-pulse-18-L717 sha=5298f6be12ea — does the code at this base do what docs/SPEC-PULSE.md rule 18 says?	CONFORMS or DRIFT claim: open the named file:line at dev and the doc line it cites; does the code do what the doc says? A wrong CONFORMS or a false DRIFT is NOT-GREEN.	Emma	results/card-tools22-rule-pulse-18-L717/RESULT.md
card-tools22-rule-pulse-19-L1905	tools22-rule	-	RESULT tools22-rule-pulse-19 sha=5298f6be12ea — does the code at this base do what docs/SPEC-PULSE.md rule 19 says?	CONFORMS or DRIFT claim: open the named file:line at dev and the doc line it cites; does the code do what the doc says? A wrong CONFORMS or a false DRIFT is NOT-GREEN.	Emma	results/card-tools22-rule-pulse-19-L1905/RESULT.md
card-tools22-rule-pulse-19-L302	tools22-rule	-	RESULT tools22-rule-pulse-19 sha=5298f6be12ea — does the code at this base do what docs/SPEC-PULSE.md rule 19 says?	CONFORMS or DRIFT claim: open the named file:line at dev and the doc line it cites; does the code do what the doc says? A wrong CONFORMS or a false DRIFT is NOT-GREEN.	Emma	results/card-tools22-rule-pulse-19-L302/RESULT.md
card-tools22-rule-pulse-19-L718	tools22-rule	-	RESULT tools22-rule-pulse-19 sha=5298f6be12ea — does the code at this base do what docs/SPEC-PULSE.md rule 19 says?	CONFORMS or DRIFT claim: open the named file:line at dev and the doc line it cites; does the code do what the doc says? A wrong CONFORMS or a false DRIFT is NOT-GREEN.	Emma	results/card-tools22-rule-pulse-19-L718/RESULT.md
card-tools22-rule-pulse-26-L1928	tools22-rule	-	RESULT tools22-rule-pulse-26 sha=5298f6be12ea — does the code at this base do what docs/SPEC-PULSE.md rule 26 says?	CONFORMS or DRIFT claim: open the named file:line at dev and the doc line it cites; does the code do what the doc says? A wrong CONFORMS or a false DRIFT is NOT-GREEN.	Emma	results/card-tools22-rule-pulse-26-L1928/RESULT.md
card-tools22-rule-pulse-27-L1933	tools22-rule	-	RESULT tools22-rule-pulse-27 sha=5298f6be12ea	CONFORMS or DRIFT claim: open the named file:line at dev and the doc line it cites; does the code do what the doc says? A wrong CONFORMS or a false DRIFT is NOT-GREEN.	Emma	results/card-tools22-rule-pulse-27-L1933/RESULT.md
card-tools22-rule-pulse-37-L1964	tools22-rule	-	RESULT tools22-rule-pulse-37 sha=5298f6be12ea	CONFORMS or DRIFT claim: open the named file:line at dev and the doc line it cites; does the code do what the doc says? A wrong CONFORMS or a false DRIFT is NOT-GREEN.	Emma	results/card-tools22-rule-pulse-37-L1964/RESULT.md
card-tools22-rule-pulse-46-L1988	tools22-rule	-	RESULT tools22-rule-pulse-46 sha=5298f6be12ea — does the code at this base do what docs/SPEC-PULSE.md rule 46 says?	CONFORMS or DRIFT claim: open the named file:line at dev and the doc line it cites; does the code do what the doc says? A wrong CONFORMS or a false DRIFT is NOT-GREEN.	Emma	results/card-tools22-rule-pulse-46-L1988/RESULT.md
card-tools22-rule-pulse-49-L1997	tools22-rule	-	"""RESULT tools22-rule-pulse-49 sha=5298f6be12ea — does the code at this base do what docs/SPEC-PULSE.md rule 49 says?"	CONFORMS or DRIFT claim: open the named file:line at dev and the doc line it cites; does the code do what the doc says? A wrong CONFORMS or a false DRIFT is NOT-GREEN.	Emma	results/card-tools22-rule-pulse-49-L1997/RESULT.md
card-tools22-rule-pulse-5-L1071	tools22-rule	-	RESULT tools22-rule-pulse-5 sha=5298f6be12ea	CONFORMS or DRIFT claim: open the named file:line at dev and the doc line it cites; does the code do what the doc says? A wrong CONFORMS or a false DRIFT is NOT-GREEN.	Emma	results/card-tools22-rule-pulse-5-L1071/RESULT.md
card-tools22-rule-pulse-5-L1257	tools22-rule	-	RESULT tools22-rule-pulse-5 sha=5298f6be12ea	CONFORMS or DRIFT claim: open the named file:line at dev and the doc line it cites; does the code do what the doc says? A wrong CONFORMS or a false DRIFT is NOT-GREEN.	Emma	results/card-tools22-rule-pulse-5-L1257/RESULT.md
card-tools22-rule-pulse-5-L2121	tools22-rule	-	RESULT tools22-rule-pulse-5 sha=5298f6be12ea	CONFORMS or DRIFT claim: open the named file:line at dev and the doc line it cites; does the code do what the doc says? A wrong CONFORMS or a false DRIFT is NOT-GREEN.	Emma	results/card-tools22-rule-pulse-5-L2121/RESULT.md
card-tools22-rule-release-2	tools22-rule	qwen/qwen3.7-flash	RESULT tools22-rule-release-2 sha=5298f6be12ea — does the code at this base do what docs/SPEC-RELEASE.md rule 2 says?	CONFORMS or DRIFT claim: open the named file:line at dev and the doc line it cites; does the code do what the doc says? A wrong CONFORMS or a false DRIFT is NOT-GREEN.	Emma	results/card-tools22-rule-release-2/RESULT.md
card-tools22-rule-release-3-L271	tools22-rule	qwen/qwen3.7-flash	RESULT tools22-rule-release-3-L271 sha=5298f6be12ea — does the code at this base do what docs/SPEC-RELEASE.md rule 3 says?	CONFORMS or DRIFT claim: open the named file:line at dev and the doc line it cites; does the code do what the doc says? A wrong CONFORMS or a false DRIFT is NOT-GREEN.	Emma	results/card-tools22-rule-release-3-L271/RESULT.md
card-tools22-rule-review-13-L588	tools22-rule	deepseek-v4-flash	RESULT tools22-rule-review-13-L588 sha=5298f6be12ea — does the code at this base do what docs/SPEC-REVIEW.md rule 13 says?	CONFORMS or DRIFT claim: open the named file:line at dev and the doc line it cites; does the code do what the doc says? A wrong CONFORMS or a false DRIFT is NOT-GREEN.	Emma	results/card-tools22-rule-review-13-L588/RESULT.md
card-tools22-rule-review-5	tools22-rule	deepseek-v4-flash	RESULT tools22-rule-review-5 sha=5298f6be12ea — does the code at this base do what docs/SPEC-REVIEW.md rule 5 says?	CONFORMS or DRIFT claim: open the named file:line at dev and the doc line it cites; does the code do what the doc says? A wrong CONFORMS or a false DRIFT is NOT-GREEN.	Emma	results/card-tools22-rule-review-5/RESULT.md
card-tools22-rule-review-5-L1145	tools22-rule	deepseek/deepseek-v4-flash	RESULT tools22-rule-review-5-L1145 sha=5298f6be12ea	CONFORMS or DRIFT claim: open the named file:line at dev and the doc line it cites; does the code do what the doc says? A wrong CONFORMS or a false DRIFT is NOT-GREEN.	Emma	results/card-tools22-rule-review-5-L1145/RESULT.md
card-tools22-rule-review-5-L1157	tools22-rule	deepseek/deepseek-v4-flash	RESULT tools22-rule-review-5-L1157 sha=5298f6be12ea — does the code at this base do what docs/SPEC-REVIEW.md rule 5 says?	CONFORMS or DRIFT claim: open the named file:line at dev and the doc line it cites; does the code do what the doc says? A wrong CONFORMS or a false DRIFT is NOT-GREEN.	Emma	results/card-tools22-rule-review-5-L1157/RESULT.md
card-tools22-rule-review-5-L1846	tools22-rule	qwen/qwen3.7-flash	RESULT tools22-rule-review-5-L1846 sha=5298f6be12ea — does the code at this base do what docs/SPEC-REVIEW.md rule 5 says?	CONFORMS or DRIFT claim: open the named file:line at dev and the doc line it cites; does the code do what the doc says? A wrong CONFORMS or a false DRIFT is NOT-GREEN.	Emma	results/card-tools22-rule-review-5-L1846/RESULT.md
card-tools22-rule-review-5-L2152	tools22-rule	qwen/qwen3.7-flash	RESULT tools22-rule-review-5-L2152 sha=5298f6be12eaa0f7e6622334d2b6a1eb427649e3 — does the code at this base do what docs/SPEC-REVIEW.md rule 5 says?	CONFORMS or DRIFT claim: open the named file:line at dev and the doc line it cites; does the code do what the doc says? A wrong CONFORMS or a false DRIFT is NOT-GREEN.	Emma	results/card-tools22-rule-review-5-L2152/RESULT.md
card-tools22-rule-review-5-L236	tools22-rule	deepseek-v4-flash	RESULT tools22-rule-review-5-L236 sha=5298f6be12ea — does the code at this base do what docs/SPEC-REVIEW.md rule 5 says?	CONFORMS or DRIFT claim: open the named file:line at dev and the doc line it cites; does the code do what the doc says? A wrong CONFORMS or a false DRIFT is NOT-GREEN.	Emma	results/card-tools22-rule-review-5-L236/RESULT.md
card-tools22-rule-review-6	tools22-rule	deepseek/deepseek-v4-flash	RESULT tools22-rule-review-6 sha=5298f6be12ea — does the code at this base do what docs/SPEC-REVIEW.md rule 6 says?	CONFORMS or DRIFT claim: open the named file:line at dev and the doc line it cites; does the code do what the doc says? A wrong CONFORMS or a false DRIFT is NOT-GREEN.	Emma	results/card-tools22-rule-review-6/RESULT.md
card-tools22-rule-review-6-L1158	tools22-rule	qwen/qwen3.7-flash	RESULT tools22-rule-review-6-L1158 sha=5298f6be12ea — does the code at this base do what docs/SPEC-REVIEW.md rule 6 says?	CONFORMS or DRIFT claim: open the named file:line at dev and the doc line it cites; does the code do what the doc says? A wrong CONFORMS or a false DRIFT is NOT-GREEN.	Emma	results/card-tools22-rule-review-6-L1158/RESULT.md
card-tools22-rule-review-6-L1863	tools22-rule	deepseek-v4-flash	RESULT tools22-rule-review-6-L1863 sha=5298f6be12ea — does the code at this base do what docs/SPEC-REVIEW.md rule 6 says?	CONFORMS or DRIFT claim: open the named file:line at dev and the doc line it cites; does the code do what the doc says? A wrong CONFORMS or a false DRIFT is NOT-GREEN.	Emma	results/card-tools22-rule-review-6-L1863/RESULT.md
card-tools22-rule-review-6-L2157	tools22-rule	qwen/qwen3.7-flash	RESULT tools22-rule-review-6-L2157 sha=5298f6be12ea — does the code at this base do what docs/SPEC-REVIEW.md rule 6 says?	CONFORMS or DRIFT claim: open the named file:line at dev and the doc line it cites; does the code do what the doc says? A wrong CONFORMS or a false DRIFT is NOT-GREEN.	Emma	results/card-tools22-rule-review-6-L2157/RESULT.md
card-tools22-rule-review-6-L252	tools22-rule	deepseek-v4-flash	RESULT tools22-rule-review-6-L252 sha=5298f6be12ea — does the code at this base do what docs/SPEC-REVIEW.md rule 6 says?	CONFORMS or DRIFT claim: open the named file:line at dev and the doc line it cites; does the code do what the doc says? A wrong CONFORMS or a false DRIFT is NOT-GREEN.	Emma	results/card-tools22-rule-review-6-L252/RESULT.md
card-tools22-rule-review-7-L1159	tools22-rule	deepseek-v4-flash	RESULT tools22-rule-review-7-L1159 sha=5298f6be12ea — does the code at this base do what docs/SPEC-REVIEW.md rule 7 says?	CONFORMS or DRIFT claim: open the named file:line at dev and the doc line it cites; does the code do what the doc says? A wrong CONFORMS or a false DRIFT is NOT-GREEN.	Emma	results/card-tools22-rule-review-7-L1159/RESULT.md
card-tools22-rule-review-7-L1876	tools22-rule	deepseek/deepseek-v4-flash	RESULT tools22-rule-review-7-L1876 sha=5298f6be12ea — does the code at this base do what docs/SPEC-REVIEW.md rule 7 says?	CONFORMS or DRIFT claim: open the named file:line at dev and the doc line it cites; does the code do what the doc says? A wrong CONFORMS or a false DRIFT is NOT-GREEN.	Emma	results/card-tools22-rule-review-7-L1876/RESULT.md
card-tools22-rule-review-7-L269	tools22-rule	deepseek/deepseek-v4-flash	RESULT tools22-rule-review-7-L269 sha=5298f6be12ea — does the code at this base do what docs/SPEC-REVIEW.md rule 7 says?	CONFORMS or DRIFT claim: open the named file:line at dev and the doc line it cites; does the code do what the doc says? A wrong CONFORMS or a false DRIFT is NOT-GREEN.	Emma	results/card-tools22-rule-review-7-L269/RESULT.md
card-tools22-rule-review-8-L1160	tools22-rule	-	RESULT tools22-rule-review-8 sha=5298f6be12ea — does the code at this base do what docs/SPEC-REVIEW.md rule 8 says?	CONFORMS or DRIFT claim: open the named file:line at dev and the doc line it cites; does the code do what the doc says? A wrong CONFORMS or a false DRIFT is NOT-GREEN.	Emma	results/card-tools22-rule-review-8-L1160/RESULT.md
card-tools22-rule-review-8-L1924	tools22-rule	-	RESULT tools22-rule-review-8 sha=5298f6be12ea — does the code at this base do what docs/SPEC-REVIEW.md rule 8 says?	CONFORMS or DRIFT claim: open the named file:line at dev and the doc line it cites; does the code do what the doc says? A wrong CONFORMS or a false DRIFT is NOT-GREEN.	Emma	results/card-tools22-rule-review-8-L1924/RESULT.md
card-tools22-rule-sandbox-2-L2254	tools22-rule	qwen/qwen3.7-flash	RESULT tools22-rule-sandbox-2-L2254 sha=5298f6be12ea — does the code at this base do what docs/SPEC-SANDBOX.md rule 2 says?	CONFORMS or DRIFT claim: open the named file:line at dev and the doc line it cites; does the code do what the doc says? A wrong CONFORMS or a false DRIFT is NOT-GREEN.	Emma	results/card-tools22-rule-sandbox-2-L2254/RESULT.md
card-tools22-rule-sandbox-2-L2583	tools22-rule	deepseek/deepseek-v4-flash	RESULT tools22-rule-sandbox-2-L2583 sha=5298f6be12ea — does the code at this base do what docs/SPEC-SANDBOX.md rule 2 says?	CONFORMS or DRIFT claim: open the named file:line at dev and the doc line it cites; does the code do what the doc says? A wrong CONFORMS or a false DRIFT is NOT-GREEN.	Emma	results/card-tools22-rule-sandbox-2-L2583/RESULT.md
card-tools22-rule-sandbox-25-L2505	tools22-rule	deepseek/deepseek-v4-flash	RESULT tools22-rule-sandbox-25-L2505 sha=5298f6be12ea — does the code at this base do what docs/SPEC-SANDBOX.md rule 25 says?	CONFORMS or DRIFT claim: open the named file:line at dev and the doc line it cites; does the code do what the doc says? A wrong CONFORMS or a false DRIFT is NOT-GREEN.	Emma	results/card-tools22-rule-sandbox-25-L2505/RESULT.md
card-tools22-rule-sandbox-27	tools22-rule	deepseek-v4-flash	RESULT tools22-rule-sandbox-27 sha=5298f6be12ea — does the code at this base do what docs/SPEC-SANDBOX.md rule 27 says?	CONFORMS or DRIFT claim: open the named file:line at dev and the doc line it cites; does the code do what the doc says? A wrong CONFORMS or a false DRIFT is NOT-GREEN.	Emma	results/card-tools22-rule-sandbox-27/RESULT.md
card-tools22-rule-sandbox-28	tools22-rule	qwen/qwen3.7-flash	RESULT tools22-rule-sandbox-28 sha=5298f6be12ea — does the code at this base do what docs/SPEC-SANDBOX.md rule 28 says?	CONFORMS or DRIFT claim: open the named file:line at dev and the doc line it cites; does the code do what the doc says? A wrong CONFORMS or a false DRIFT is NOT-GREEN.	Emma	results/card-tools22-rule-sandbox-28/RESULT.md
card-tools22-rule-sandbox-3-L1000	tools22-rule	deepseek/deepseek-v4-flash	RESULT tools22-rule-sandbox-3-L1000 sha=5298f6be12ea — does the code at this base do what docs/SPEC-SANDBOX.md rule 3 says?	CONFORMS or DRIFT claim: open the named file:line at dev and the doc line it cites; does the code do what the doc says? A wrong CONFORMS or a false DRIFT is NOT-GREEN.	Emma	results/card-tools22-rule-sandbox-3-L1000/RESULT.md
card-tools22-rule-sandbox-3-L1536	tools22-rule	deepseek/deepseek-v4-flash	RESULT tools22-rule-sandbox-3-L1536 sha=5298f6be12ea	CONFORMS or DRIFT claim: open the named file:line at dev and the doc line it cites; does the code do what the doc says? A wrong CONFORMS or a false DRIFT is NOT-GREEN.	Emma	results/card-tools22-rule-sandbox-3-L1536/RESULT.md
card-tools22-rule-sandbox-3-L1612	tools22-rule	deepseek-v4-flash	RESULT tools22-rule-sandbox-3-L1612 sha=5298f6be12ea — does the code at this base do what docs/SPEC-SANDBOX.md rule 3 says?	CONFORMS or DRIFT claim: open the named file:line at dev and the doc line it cites; does the code do what the doc says? A wrong CONFORMS or a false DRIFT is NOT-GREEN.	Emma	results/card-tools22-rule-sandbox-3-L1612/RESULT.md
card-tools22-rule-sandbox-3-L1670	tools22-rule	deepseek/deepseek-v4-flash	RESULT tools22-rule-sandbox-3-L1670 sha=5298f6be12ea	CONFORMS or DRIFT claim: open the named file:line at dev and the doc line it cites; does the code do what the doc says? A wrong CONFORMS or a false DRIFT is NOT-GREEN.	Emma	results/card-tools22-rule-sandbox-3-L1670/RESULT.md
card-tools22-rule-sandbox-3-L1797	tools22-rule	qwen/qwen3.7-flash	"""RESULT tools22-rule-sandbox-3-L1797 sha=5298f6be12ea — does the code at this base do what docs/SPEC-SANDBOX.md rule 3 says?"	CONFORMS or DRIFT claim: open the named file:line at dev and the doc line it cites; does the code do what the doc says? A wrong CONFORMS or a false DRIFT is NOT-GREEN.	Emma	results/card-tools22-rule-sandbox-3-L1797/RESULT.md
card-tools22-rule-sandbox-3-L2209	tools22-rule	deepseek-v4-flash	RESULT tools22-rule-sandbox-3-L2209 sha=5298f6be12ea — does the code at this base do what docs/SPEC-SANDBOX.md rule 3 says?	CONFORMS or DRIFT claim: open the named file:line at dev and the doc line it cites; does the code do what the doc says? A wrong CONFORMS or a false DRIFT is NOT-GREEN.	Emma	results/card-tools22-rule-sandbox-3-L2209/RESULT.md
card-tools22-rule-sandbox-3-L2256	tools22-rule	qwen/qwen3.7-flash	RESULT tools22-rule-sandbox-3-L2256 sha=5298f6be12eaa0f7e6622334d2b6a1eb427649e3 — does the code at this base do what docs/SPEC-SANDBOX.md rule 3 says?	CONFORMS or DRIFT claim: open the named file:line at dev and the doc line it cites; does the code do what the doc says? A wrong CONFORMS or a false DRIFT is NOT-GREEN.	Emma	results/card-tools22-rule-sandbox-3-L2256/RESULT.md
card-tools22-rule-sandbox-3-L2591	tools22-rule	deepseek-v4-flash	RESULT tools22-rule-sandbox-3-L2591 sha=5298f6be12ea — does the code at this base do what docs/SPEC-SANDBOX.md rule 3 says?	CONFORMS or DRIFT claim: open the named file:line at dev and the doc line it cites; does the code do what the doc says? A wrong CONFORMS or a false DRIFT is NOT-GREEN.	Emma	results/card-tools22-rule-sandbox-3-L2591/RESULT.md
card-tools22-rule-sandbox-3-L2639	tools22-rule	deepseek/deepseek-v4-flash	RESULT tools22-rule-sandbox-3-L2639 sha=5298f6be12ea — does the code at this base do what docs/SPEC-SANDBOX.md rule 3 says?	CONFORMS or DRIFT claim: open the named file:line at dev and the doc line it cites; does the code do what the doc says? A wrong CONFORMS or a false DRIFT is NOT-GREEN.	Emma	results/card-tools22-rule-sandbox-3-L2639/RESULT.md
card-tools22-rule-sandbox-6-L1008	tools22-rule	-	RESULT tools22-rule-sandbox-6 sha=5298f6be12ea — does the code at this base do what docs/SPEC-SANDBOX.md rule 6 says?	CONFORMS or DRIFT claim: open the named file:line at dev and the doc line it cites; does the code do what the doc says? A wrong CONFORMS or a false DRIFT is NOT-GREEN.	Emma	results/card-tools22-rule-sandbox-6-L1008/RESULT.md
card-tools22-rule-sandbox-6-L2220	tools22-rule	-	RESULT tools22-rule-sandbox-6 sha=5298f6be12ea — does the code at this base do what docs/SPEC-SANDBOX.md rule 6 says?	CONFORMS or DRIFT claim: open the named file:line at dev and the doc line it cites; does the code do what the doc says? A wrong CONFORMS or a false DRIFT is NOT-GREEN.	Emma	results/card-tools22-rule-sandbox-6-L2220/RESULT.md
card-tools22-rule-sandbox-6-L2277	tools22-rule	-	RESULT tools22-rule-sandbox-6 sha=5298f6be12ea — does the code at this base do what docs/SPEC-SANDBOX.md rule 6 says?	CONFORMS or DRIFT claim: open the named file:line at dev and the doc line it cites; does the code do what the doc says? A wrong CONFORMS or a false DRIFT is NOT-GREEN.	Emma	results/card-tools22-rule-sandbox-6-L2277/RESULT.md
card-tools22-rule-sandbox-6-L2651	tools22-rule	-	RESULT tools22-rule-sandbox-6 sha=5298f6be12ea — does the code at this base do what docs/SPEC-SANDBOX.md rule 6 says?	CONFORMS or DRIFT claim: open the named file:line at dev and the doc line it cites; does the code do what the doc says? A wrong CONFORMS or a false DRIFT is NOT-GREEN.	Emma	results/card-tools22-rule-sandbox-6-L2651/RESULT.md
card-tools22-rule-secrets-6	tools22-rule	deepseek/deepseek-v4-flash	RESULT tools22-rule-secrets-6 sha=5298f6be12ea — does the code at this base do what docs/SPEC-SECRETS.md rule 6 says?	CONFORMS or DRIFT claim: open the named file:line at dev and the doc line it cites; does the code do what the doc says? A wrong CONFORMS or a false DRIFT is NOT-GREEN.	Emma	results/card-tools22-rule-secrets-6/RESULT.md
card-tools22-rule-secrets-6-L282	tools22-rule	deepseek-v4-flash	RESULT tools22-rule-secrets-6-L282 sha=5298f6be12ea — does the code at this base do what docs/SPEC-SECRETS.md rule 6 says?	CONFORMS or DRIFT claim: open the named file:line at dev and the doc line it cites; does the code do what the doc says? A wrong CONFORMS or a false DRIFT is NOT-GREEN.	Emma	results/card-tools22-rule-secrets-6-L282/RESULT.md
card-tools22-rule-secrets-6-L893	tools22-rule	deepseek-v4-flash	RESULT tools22-rule-secrets-6-L893 sha=5298f6be12ea — does the code at this base do what docs/SPEC-SECRETS.md rule 6 says?	CONFORMS or DRIFT claim: open the named file:line at dev and the doc line it cites; does the code do what the doc says? A wrong CONFORMS or a false DRIFT is NOT-GREEN.	Emma	results/card-tools22-rule-secrets-6-L893/RESULT.md
card-tools22-rule-state-4-L345	tools22-rule	deepseek-v4-flash	RESULT tools22-rule-state-4-L345 sha=5298f6be12ea — does the code at this base do what docs/SPEC-STATE.md rule 4 says?	CONFORMS or DRIFT claim: open the named file:line at dev and the doc line it cites; does the code do what the doc says? A wrong CONFORMS or a false DRIFT is NOT-GREEN.	Emma	results/card-tools22-rule-state-4-L345/RESULT.md
card-tools22-rule-swarm-7-L3986	tools22-rule	deepseek-v4-pro	RESULT tools22-rule-swarm-7-L3986 sha=5298f6be12ea	CONFORMS or DRIFT claim: open the named file:line at dev and the doc line it cites; does the code do what the doc says? A wrong CONFORMS or a false DRIFT is NOT-GREEN.	Emma	results/card-tools22-rule-swarm-7-L3986/RESULT.md
card-tools22-rule-swarm-8-L122	tools22-rule	-	RESULT tools22-rule-swarm-8 sha=5298f6be12ea — does the code at this base do what docs/SPEC-SWARM.md rule 8 says?	CONFORMS or DRIFT claim: open the named file:line at dev and the doc line it cites; does the code do what the doc says? A wrong CONFORMS or a false DRIFT is NOT-GREEN.	Emma	results/card-tools22-rule-swarm-8-L122/RESULT.md
card-tools22-rule-swarm-9-L3534	tools22-rule	-	"""RESULT tools22-rule-swarm-9 sha=5298f6be12ea — does the code at this base do what docs/SPEC-SWARM.md rule 9 says?"	CONFORMS or DRIFT claim: open the named file:line at dev and the doc line it cites; does the code do what the doc says? A wrong CONFORMS or a false DRIFT is NOT-GREEN.	Emma	results/card-tools22-rule-swarm-9-L3534/RESULT.md
card-tools22-rule-swarm-9-L3634	tools22-rule	-	"""RESULT tools22-rule-swarm-9 sha=5298f6be12ea — does the code at this base do what docs/SPEC-SWARM.md rule 9 says?"	CONFORMS or DRIFT claim: open the named file:line at dev and the doc line it cites; does the code do what the doc says? A wrong CONFORMS or a false DRIFT is NOT-GREEN.	Emma	results/card-tools22-rule-swarm-9-L3634/RESULT.md
card-tools22-rule-swarm-profiles-1-L859	tools22-rule	-	RESULT tools22-rule-swarm-profiles-1 sha=5298f6be12ea — does the code at this base do what docs/SPEC-SWARM-PROFILES.md rule 1 says?	CONFORMS or DRIFT claim: open the named file:line at dev and the doc line it cites; does the code do what the doc says? A wrong CONFORMS or a false DRIFT is NOT-GREEN.	Emma	results/card-tools22-rule-swarm-profiles-1-L859/RESULT.md
card-tools22-rule-swarm-profiles-1-L981	tools22-rule	-	RESULT tools22-rule-swarm-profiles-1 sha=5298f6be12ea — does the code at this base do what docs/SPEC-SWARM-PROFILES.md rule 1 says?	CONFORMS or DRIFT claim: open the named file:line at dev and the doc line it cites; does the code do what the doc says? A wrong CONFORMS or a false DRIFT is NOT-GREEN.	Emma	results/card-tools22-rule-swarm-profiles-1-L981/RESULT.md
card-tools22-rule-swarm-profiles-10-L1046	tools22-rule	deepseek-v4-pro	RESULT tools22-rule-swarm-profiles-10 sha=5298f6be12ea — does the code at this base do what docs/SPEC-SWARM-PROFILES.md rule 10 says?	CONFORMS or DRIFT claim: open the named file:line at dev and the doc line it cites; does the code do what the doc says? A wrong CONFORMS or a false DRIFT is NOT-GREEN.	Emma	results/card-tools22-rule-swarm-profiles-10-L1046/RESULT.md
card-tools22-rule-test-2-L52	tools22-rule	deepseek/deepseek-v4-flash	RESULT tools22-rule-test-2-L52 sha=5298f6be12ea — does the code at this base do what docs/SPEC-TEST.md rule 2 says?	CONFORMS or DRIFT claim: open the named file:line at dev and the doc line it cites; does the code do what the doc says? A wrong CONFORMS or a false DRIFT is NOT-GREEN.	Emma	results/card-tools22-rule-test-2-L52/RESULT.md
card-tools22-rule-tokens-1-L57	tools22-rule	deepseek/deepseek-v4-flash	RESULT tools22-rule-tokens-1-L57 sha=5298f6be12ea	CONFORMS or DRIFT claim: open the named file:line at dev and the doc line it cites; does the code do what the doc says? A wrong CONFORMS or a false DRIFT is NOT-GREEN.	Emma	results/card-tools22-rule-tokens-1-L57/RESULT.md
card-tools22-rule-tokens-10	tools22-rule	deepseek/deepseek-v4-flash	RESULT: BLOCKED card-tools22-rule-tokens-10	CONFORMS or DRIFT claim: open the named file:line at dev and the doc line it cites; does the code do what the doc says? A wrong CONFORMS or a false DRIFT is NOT-GREEN.	Emma	results/card-tools22-rule-tokens-10/RESULT.md
card-tools22-rule-tokens-10-L197	tools22-rule	deepseek/deepseek-v4-flash	RESULT: BLOCKED card-tools22-rule-tokens-10-L197	CONFORMS or DRIFT claim: open the named file:line at dev and the doc line it cites; does the code do what the doc says? A wrong CONFORMS or a false DRIFT is NOT-GREEN.	Emma	results/card-tools22-rule-tokens-10-L197/RESULT.md
card-tools22-rule-tokens-10-L2003	tools22-rule	deepseek-v4-flash	RESULT tools22-rule-tokens-10-L2003 sha=5298f6be12ea — does the code at this base do what docs/SPEC-TOKENS.md rule 10 says?	CONFORMS or DRIFT claim: open the named file:line at dev and the doc line it cites; does the code do what the doc says? A wrong CONFORMS or a false DRIFT is NOT-GREEN.	Emma	results/card-tools22-rule-tokens-10-L2003/RESULT.md
card-tools22-rule-tokens-10-L2141	tools22-rule	qwen/qwen3.7-flash	"""RESULT tools22-rule-tokens-10-L2141 sha=5298f6be12ea — does the code at this base do what docs/SPEC-TOKENS.md rule 10 says?"	CONFORMS or DRIFT claim: open the named file:line at dev and the doc line it cites; does the code do what the doc says? A wrong CONFORMS or a false DRIFT is NOT-GREEN.	Emma	results/card-tools22-rule-tokens-10-L2141/RESULT.md
card-tools22-rule-tokens-10-L2444	tools22-rule	deepseek/deepseek-v4-flash	RESULT: BLOCKED card-tools22-rule-tokens-10-L2444	CONFORMS or DRIFT claim: open the named file:line at dev and the doc line it cites; does the code do what the doc says? A wrong CONFORMS or a false DRIFT is NOT-GREEN.	Emma	results/card-tools22-rule-tokens-10-L2444/RESULT.md
card-tools22-rule-tokens-11-L2006	tools22-rule	deepseek/deepseek-v4-flash	RESULT: BLOCKED card-tools22-rule-tokens-11-L2006	CONFORMS or DRIFT claim: open the named file:line at dev and the doc line it cites; does the code do what the doc says? A wrong CONFORMS or a false DRIFT is NOT-GREEN.	Emma	results/card-tools22-rule-tokens-11-L2006/RESULT.md
card-tools22-rule-tokens-11-L2148	tools22-rule	qwen/qwen3.7-flash	RESULT tools22-rule-tokens-11-L2148 sha=5298f6be12ea	CONFORMS or DRIFT claim: open the named file:line at dev and the doc line it cites; does the code do what the doc says? A wrong CONFORMS or a false DRIFT is NOT-GREEN.	Emma	results/card-tools22-rule-tokens-11-L2148/RESULT.md
card-tools22-rule-tokens-11-L229	tools22-rule	deepseek/deepseek-v4-flash	RESULT tools22-rule-tokens-11-L229 sha=5298f6be12ea — does the code at this base do what docs/SPEC-TOKENS.md rule 11 says?	CONFORMS or DRIFT claim: open the named file:line at dev and the doc line it cites; does the code do what the doc says? A wrong CONFORMS or a false DRIFT is NOT-GREEN.	Emma	results/card-tools22-rule-tokens-11-L229/RESULT.md
card-tools22-rule-tokens-12	tools22-rule	deepseek/deepseek-v4-flash	RESULT tools22-rule-tokens-12 sha=5298f6be12ea — does the code at this base do what docs/SPEC-TOKENS.md rule 12 says?	CONFORMS or DRIFT claim: open the named file:line at dev and the doc line it cites; does the code do what the doc says? A wrong CONFORMS or a false DRIFT is NOT-GREEN.	Emma	results/card-tools22-rule-tokens-12/RESULT.md
card-tools22-rule-tokens-12-L2009	tools22-rule	deepseek/deepseek-v4-flash	RESULT tools22-rule-tokens-12-L2009 sha=5298f6be12ea	CONFORMS or DRIFT claim: open the named file:line at dev and the doc line it cites; does the code do what the doc says? A wrong CONFORMS or a false DRIFT is NOT-GREEN.	Emma	results/card-tools22-rule-tokens-12-L2009/RESULT.md
card-tools22-rule-tokens-12-L2153	tools22-rule	deepseek/deepseek-v4-flash	RESULT: BLOCKED card-tools22-rule-tokens-12-L2153	CONFORMS or DRIFT claim: open the named file:line at dev and the doc line it cites; does the code do what the doc says? A wrong CONFORMS or a false DRIFT is NOT-GREEN.	Emma	results/card-tools22-rule-tokens-12-L2153/RESULT.md
card-tools22-rule-tokens-12-L236	tools22-rule	deepseek/deepseek-v4-flash	RESULT: BLOCKED card-tools22-rule-tokens-12-L236	CONFORMS or DRIFT claim: open the named file:line at dev and the doc line it cites; does the code do what the doc says? A wrong CONFORMS or a false DRIFT is NOT-GREEN.	Emma	results/card-tools22-rule-tokens-12-L236/RESULT.md
card-tools22-rule-tokens-12-L2454	tools22-rule	deepseek/deepseek-v4-flash	RESULT: BLOCKED card-tools22-rule-tokens-12-L2454	CONFORMS or DRIFT claim: open the named file:line at dev and the doc line it cites; does the code do what the doc says? A wrong CONFORMS or a false DRIFT is NOT-GREEN.	Emma	results/card-tools22-rule-tokens-12-L2454/RESULT.md
card-tools22-rule-tokens-13	tools22-rule	deepseek-v4-flash	RESULT tools22-rule-tokens-13 sha=5298f6be12ea — does the code at this base do what docs/SPEC-TOKENS.md rule 13 says?	CONFORMS or DRIFT claim: open the named file:line at dev and the doc line it cites; does the code do what the doc says? A wrong CONFORMS or a false DRIFT is NOT-GREEN.	Emma	results/card-tools22-rule-tokens-13/RESULT.md
card-tools22-rule-tokens-13-L2162	tools22-rule	deepseek-v4-flash	RESULT: BLOCKED card-tools22-rule-tokens-13-L2162	CONFORMS or DRIFT claim: open the named file:line at dev and the doc line it cites; does the code do what the doc says? A wrong CONFORMS or a false DRIFT is NOT-GREEN.	Emma	results/card-tools22-rule-tokens-13-L2162/RESULT.md
card-tools22-rule-tokens-13-L2464	tools22-rule	deepseek-v4-flash	"""RESULT tools22-rule-tokens-13-L2464 sha=5298f6be12ea — does the code at this base do what docs/SPEC-TOKENS.md rule 13 says?"	CONFORMS or DRIFT claim: open the named file:line at dev and the doc line it cites; does the code do what the doc says? A wrong CONFORMS or a false DRIFT is NOT-GREEN.	Emma	results/card-tools22-rule-tokens-13-L2464/RESULT.md
card-tools22-rule-tokens-13-L254	tools22-rule	deepseek/deepseek-v4-flash	RESULT: BLOCKED card-tools22-rule-tokens-13-L254	CONFORMS or DRIFT claim: open the named file:line at dev and the doc line it cites; does the code do what the doc says? A wrong CONFORMS or a false DRIFT is NOT-GREEN.	Emma	results/card-tools22-rule-tokens-13-L254/RESULT.md
card-tools22-rule-tokens-14-L2014	tools22-rule	deepseek/deepseek-v4-flash	RESULT tools22-rule-tokens-14-L2014 sha=5298f6be12ea	CONFORMS or DRIFT claim: open the named file:line at dev and the doc line it cites; does the code do what the doc says? A wrong CONFORMS or a false DRIFT is NOT-GREEN.	Emma	results/card-tools22-rule-tokens-14-L2014/RESULT.md
card-tools22-rule-tokens-22	tools22-rule	deepseek/deepseek-v4-flash	"""RESULT tools22-rule-tokens-22 sha=5298f6be12ea — does the code at this base do what docs/SPEC-TOKENS.md rule 22 says?"	CONFORMS or DRIFT claim: open the named file:line at dev and the doc line it cites; does the code do what the doc says? A wrong CONFORMS or a false DRIFT is NOT-GREEN.	Emma	results/card-tools22-rule-tokens-22/RESULT.md
card-tools22-rule-tokens-27	tools22-rule	deepseek/deepseek-v4-flash	RESULT tools22-rule-tokens-27 sha=5298f6be12ea — does the code at this base do what docs/SPEC-TOKENS.md rule 27 says?	CONFORMS or DRIFT claim: open the named file:line at dev and the doc line it cites; does the code do what the doc says? A wrong CONFORMS or a false DRIFT is NOT-GREEN.	Emma	results/card-tools22-rule-tokens-27/RESULT.md
card-tools22-rule-tokens-28-L2334	tools22-rule	deepseek/deepseek-v4-flash	RESULT tools22-rule-tokens-28-L2334 sha=5298f6be12ea	CONFORMS or DRIFT claim: open the named file:line at dev and the doc line it cites; does the code do what the doc says? A wrong CONFORMS or a false DRIFT is NOT-GREEN.	Emma	results/card-tools22-rule-tokens-28-L2334/RESULT.md
card-tools22-rule-tokens-29	tools22-rule	deepseek/deepseek-v4-flash	RESULT tools22-rule-tokens-29 sha=5298f6be12ea — does the code at this base do what docs/SPEC-TOKENS.md rule 29 says?	CONFORMS or DRIFT claim: open the named file:line at dev and the doc line it cites; does the code do what the doc says? A wrong CONFORMS or a false DRIFT is NOT-GREEN.	Emma	results/card-tools22-rule-tokens-29/RESULT.md
card-tools22-rule-tokens-3-L1978	tools22-rule	deepseek/deepseek-v4-flash	RESULT tools22-rule-tokens-3-L1978 sha=5298f6be12ea	CONFORMS or DRIFT claim: open the named file:line at dev and the doc line it cites; does the code do what the doc says? A wrong CONFORMS or a false DRIFT is NOT-GREEN.	Emma	results/card-tools22-rule-tokens-3-L1978/RESULT.md
card-tools22-rule-tokens-3-L2052	tools22-rule	deepseek/deepseek-v4-flash	RESULT tools22-rule-tokens-3-L2052 sha=5298f6be12ea — does the code at this base do what docs/SPEC-TOKENS.md rule 3 says?	CONFORMS or DRIFT claim: open the named file:line at dev and the doc line it cites; does the code do what the doc says? A wrong CONFORMS or a false DRIFT is NOT-GREEN.	Emma	results/card-tools22-rule-tokens-3-L2052/RESULT.md
card-tools22-rule-tokens-30	tools22-rule	deepseek/deepseek-v4-flash	RESULT tools22-rule-tokens-30 sha=5298f6be12ea — does the code at this base do what docs/SPEC-TOKENS.md rule 30 says?	CONFORMS or DRIFT claim: open the named file:line at dev and the doc line it cites; does the code do what the doc says? A wrong CONFORMS or a false DRIFT is NOT-GREEN.	Emma	results/card-tools22-rule-tokens-30/RESULT.md
card-tools22-rule-tokens-31	tools22-rule	deepseek/deepseek-v4-flash	RESULT tools22-rule-tokens-31 sha=5298f6be12ea — does the code at this base do what docs/SPEC-TOKENS.md rule 31 says?	CONFORMS or DRIFT claim: open the named file:line at dev and the doc line it cites; does the code do what the doc says? A wrong CONFORMS or a false DRIFT is NOT-GREEN.	Emma	results/card-tools22-rule-tokens-31/RESULT.md
card-tools22-rule-tokens-4	tools22-rule	deepseek/deepseek-v4-flash	RESULT tools22-rule-tokens-4 sha=5298f6be12ea — does the code at this base do what docs/SPEC-TOKENS.md rule 4 says?	CONFORMS or DRIFT claim: open the named file:line at dev and the doc line it cites; does the code do what the doc says? A wrong CONFORMS or a false DRIFT is NOT-GREEN.	Emma	results/card-tools22-rule-tokens-4/RESULT.md
card-tools22-rule-tokens-4-L2410	tools22-rule	deepseek/deepseek-v4-flash	RESULT tools22-rule-tokens-4-L2410 sha=5298f6be12ea	CONFORMS or DRIFT claim: open the named file:line at dev and the doc line it cites; does the code do what the doc says? A wrong CONFORMS or a false DRIFT is NOT-GREEN.	Emma	results/card-tools22-rule-tokens-4-L2410/RESULT.md
card-tools22-rule-toolwork-1-L565	tools22-rule	deepseek-v4-flash	RESULT tools22-rule-toolwork-1-L565 sha=5298f6be12ea	CONFORMS or DRIFT claim: open the named file:line at dev and the doc line it cites; does the code do what the doc says? A wrong CONFORMS or a false DRIFT is NOT-GREEN.	Emma	results/card-tools22-rule-toolwork-1-L565/RESULT.md
card-tools22-rule-toolwork-1-L700	tools22-rule	deepseek/deepseek-v4-flash	RESULT tools22-rule-toolwork-1-L700 sha=5298f6be12ea	CONFORMS or DRIFT claim: open the named file:line at dev and the doc line it cites; does the code do what the doc says? A wrong CONFORMS or a false DRIFT is NOT-GREEN.	Emma	results/card-tools22-rule-toolwork-1-L700/RESULT.md
card-tools22-rule-toolwork-1-L72	tools22-rule	deepseek/deepseek-v4-flash	RESULT tools22-rule-toolwork-1-L72 sha=5298f6be12ea — does the code at this base do what docs/SPEC-TOOLWORK.md rule 1 says?	CONFORMS or DRIFT claim: open the named file:line at dev and the doc line it cites; does the code do what the doc says? A wrong CONFORMS or a false DRIFT is NOT-GREEN.	Emma	results/card-tools22-rule-toolwork-1-L72/RESULT.md
card-tools22-rule-toolwork-1-L790	tools22-rule	qwen/qwen3.7-flash	"""RESULT tools22-rule-toolwork-1-L790 sha=5298f6be12ea — does the code at this base do what docs/SPEC-TOOLWORK.md rule 1 says?"""	CONFORMS or DRIFT claim: open the named file:line at dev and the doc line it cites; does the code do what the doc says? A wrong CONFORMS or a false DRIFT is NOT-GREEN.	Emma	results/card-tools22-rule-toolwork-1-L790/RESULT.md
card-tools22-rule-toolwork-1-L912	tools22-rule	deepseek/deepseek-v4-flash	RESULT tools22-rule-toolwork-1-L912 sha=5298f6be12ea — does the code at this base do what docs/SPEC-TOOLWORK.md rule 1 says?	CONFORMS or DRIFT claim: open the named file:line at dev and the doc line it cites; does the code do what the doc says? A wrong CONFORMS or a false DRIFT is NOT-GREEN.	Emma	results/card-tools22-rule-toolwork-1-L912/RESULT.md
card-tools22-rule-toolwork-2	tools22-rule	deepseek-v4-flash	RESULT tools22-rule-toolwork-2 sha=5298f6be12ea — does the code at this base do what docs/SPEC-TOOLWORK.md rule 2 says?	CONFORMS or DRIFT claim: open the named file:line at dev and the doc line it cites; does the code do what the doc says? A wrong CONFORMS or a false DRIFT is NOT-GREEN.	Emma	results/card-tools22-rule-toolwork-2/RESULT.md
card-tools22-rule-toolwork-2-L570	tools22-rule	qwen/qwen3.7-flash	RESULT tools22-rule-toolwork-2-L570 sha=5298f6be12ea	CONFORMS or DRIFT claim: open the named file:line at dev and the doc line it cites; does the code do what the doc says? A wrong CONFORMS or a false DRIFT is NOT-GREEN.	Emma	results/card-tools22-rule-toolwork-2-L570/RESULT.md
card-tools22-rule-toolwork-2-L646	tools22-rule	deepseek/deepseek-v4-flash	RESULT tools22-rule-toolwork-2-L646 sha=5298f6be12ea — does the code at this base do what docs/SPEC-TOOLWORK.md rule 2 says?	CONFORMS or DRIFT claim: open the named file:line at dev and the doc line it cites; does the code do what the doc says? A wrong CONFORMS or a false DRIFT is NOT-GREEN.	Emma	results/card-tools22-rule-toolwork-2-L646/RESULT.md
card-tools22-rule-toolwork-2-L798	tools22-rule	deepseek/deepseek-v4-flash	RESULT tools22-rule-toolwork-2-L798 sha=5298f6be12ea — does the code at this base do what docs/SPEC-TOOLWORK.md rule 2 says?	CONFORMS or DRIFT claim: open the named file:line at dev and the doc line it cites; does the code do what the doc says? A wrong CONFORMS or a false DRIFT is NOT-GREEN.	Emma	results/card-tools22-rule-toolwork-2-L798/RESULT.md
card-tools22-rule-toolwork-2-L917	tools22-rule	qwen/qwen3.7-flash	RESULT tools22-rule-toolwork-2-L917 sha=5298f6be12ea	CONFORMS or DRIFT claim: open the named file:line at dev and the doc line it cites; does the code do what the doc says? A wrong CONFORMS or a false DRIFT is NOT-GREEN.	Emma	results/card-tools22-rule-toolwork-2-L917/RESULT.md
card-tools22-rule-toolwork-3	tools22-rule	deepseek/deepseek-v4-flash	RESULT tools22-rule-toolwork-3 sha=5298f6be12ea — does the code at this base do what docs/SPEC-TOOLWORK.md rule 3 says?	CONFORMS or DRIFT claim: open the named file:line at dev and the doc line it cites; does the code do what the doc says? A wrong CONFORMS or a false DRIFT is NOT-GREEN.	Emma	results/card-tools22-rule-toolwork-3/RESULT.md
card-tools22-rule-toolwork-3-L100	tools22-rule	deepseek/deepseek-v4-flash	RESULT: BLOCKED card-tools22-rule-toolwork-3-L100	CONFORMS or DRIFT claim: open the named file:line at dev and the doc line it cites; does the code do what the doc says? A wrong CONFORMS or a false DRIFT is NOT-GREEN.	Emma	results/card-tools22-rule-toolwork-3-L100/RESULT.md
card-tools22-rule-toolwork-3-L493	tools22-rule	deepseek/deepseek-v4-flash	RESULT: BLOCKED card-tools22-rule-toolwork-3-L493	CONFORMS or DRIFT claim: open the named file:line at dev and the doc line it cites; does the code do what the doc says? A wrong CONFORMS or a false DRIFT is NOT-GREEN.	Emma	results/card-tools22-rule-toolwork-3-L493/RESULT.md
card-tools22-rule-toolwork-3-L575	tools22-rule	deepseek/deepseek-v4-flash	RESULT tools22-rule-toolwork-3-L575 sha=5298f6be12ea — does the code at this base do what docs/SPEC-TOOLWORK.md rule 3 says?	CONFORMS or DRIFT claim: open the named file:line at dev and the doc line it cites; does the code do what the doc says? A wrong CONFORMS or a false DRIFT is NOT-GREEN.	Emma	results/card-tools22-rule-toolwork-3-L575/RESULT.md
card-tools22-rule-toolwork-3-L656	tools22-rule	qwen/qwen3.7-flash	RESULT tools22-rule-toolwork-3-L656 sha=5298f6be12ea	CONFORMS or DRIFT claim: open the named file:line at dev and the doc line it cites; does the code do what the doc says? A wrong CONFORMS or a false DRIFT is NOT-GREEN.	Emma	results/card-tools22-rule-toolwork-3-L656/RESULT.md
card-tools22-rule-toolwork-3-L730	tools22-rule	deepseek/deepseek-v4-flash	RESULT: BLOCKED card-tools22-rule-toolwork-3-L730	CONFORMS or DRIFT claim: open the named file:line at dev and the doc line it cites; does the code do what the doc says? A wrong CONFORMS or a false DRIFT is NOT-GREEN.	Emma	results/card-tools22-rule-toolwork-3-L730/RESULT.md
card-tools22-rule-toolwork-3-L804	tools22-rule	deepseek/deepseek-v4-flash	RESULT: BLOCKED card-tools22-rule-toolwork-3-L804	CONFORMS or DRIFT claim: open the named file:line at dev and the doc line it cites; does the code do what the doc says? A wrong CONFORMS or a false DRIFT is NOT-GREEN.	Emma	results/card-tools22-rule-toolwork-3-L804/RESULT.md
card-tools22-rule-toolwork-4	tools22-rule	deepseek-v4-flash	RESULT tools22-rule-toolwork-4 sha=5298f6be12ea — does the code at this base do what docs/SPEC-TOOLWORK.md rule 4 says?	CONFORMS or DRIFT claim: open the named file:line at dev and the doc line it cites; does the code do what the doc says? A wrong CONFORMS or a false DRIFT is NOT-GREEN.	Emma	results/card-tools22-rule-toolwork-4/RESULT.md
card-tools22-rule-toolwork-4-L124	tools22-rule	deepseek-v4-flash	RESULT tools22-rule-toolwork-4-L124 sha=5298f6be12ea — does the code at this base do what docs/SPEC-TOOLWORK.md rule 4 says?	CONFORMS or DRIFT claim: open the named file:line at dev and the doc line it cites; does the code do what the doc says? A wrong CONFORMS or a false DRIFT is NOT-GREEN.	Emma	results/card-tools22-rule-toolwork-4-L124/RESULT.md
card-tools22-rule-toolwork-4-L330	tools22-rule	deepseek-v4-flash	RESULT tools22-rule-toolwork-4-L330 sha=5298f6be12ea	CONFORMS or DRIFT claim: open the named file:line at dev and the doc line it cites; does the code do what the doc says? A wrong CONFORMS or a false DRIFT is NOT-GREEN.	Emma	results/card-tools22-rule-toolwork-4-L330/RESULT.md
card-tools22-rule-toolwork-4-L578	tools22-rule	deepseek/deepseek-v4-flash	RESULT: BLOCKED card-tools22-rule-toolwork-4-L578	CONFORMS or DRIFT claim: open the named file:line at dev and the doc line it cites; does the code do what the doc says? A wrong CONFORMS or a false DRIFT is NOT-GREEN.	Emma	results/card-tools22-rule-toolwork-4-L578/RESULT.md
card-tools22-rule-toolwork-4-L665	tools22-rule	deepseek/deepseek-v4-flash	RESULT tools22-rule-toolwork-4-L665 sha=5298f6be12ea — does the code at this base do what docs/SPEC-TOOLWORK.md rule 4 says?	CONFORMS or DRIFT claim: open the named file:line at dev and the doc line it cites; does the code do what the doc says? A wrong CONFORMS or a false DRIFT is NOT-GREEN.	Emma	results/card-tools22-rule-toolwork-4-L665/RESULT.md
card-tools22-rule-toolwork-4-L735	tools22-rule	deepseek/deepseek-v4-flash	RESULT: BLOCKED card-tools22-rule-toolwork-4-L735	CONFORMS or DRIFT claim: open the named file:line at dev and the doc line it cites; does the code do what the doc says? A wrong CONFORMS or a false DRIFT is NOT-GREEN.	Emma	results/card-tools22-rule-toolwork-4-L735/RESULT.md
card-tools22-rule-toolwork-4-L811	tools22-rule	deepseek/deepseek-v4-flash	RESULT: BLOCKED card-tools22-rule-toolwork-4-L811	CONFORMS or DRIFT claim: open the named file:line at dev and the doc line it cites; does the code do what the doc says? A wrong CONFORMS or a false DRIFT is NOT-GREEN.	Emma	results/card-tools22-rule-toolwork-4-L811/RESULT.md
card-tools22-rule-toolwork-4-L932	tools22-rule	deepseek/deepseek-v4-flash	RESULT: BLOCKED card-tools22-rule-toolwork-4-L932	CONFORMS or DRIFT claim: open the named file:line at dev and the doc line it cites; does the code do what the doc says? A wrong CONFORMS or a false DRIFT is NOT-GREEN.	Emma	results/card-tools22-rule-toolwork-4-L932/RESULT.md
card-tools22-rule-toolwork-5-L137	tools22-rule	deepseek-v4-flash	RESULT tools22-rule-toolwork-5-L137 sha=5298f6be12ea	CONFORMS or DRIFT claim: open the named file:line at dev and the doc line it cites; does the code do what the doc says? A wrong CONFORMS or a false DRIFT is NOT-GREEN.	Emma	results/card-tools22-rule-toolwork-5-L137/RESULT.md
card-tools22-rule-toolwork-5-L512	tools22-rule	deepseek/deepseek-v4-flash	RESULT tools22-rule-toolwork-5-L512 sha=5298f6be12ea	CONFORMS or DRIFT claim: open the named file:line at dev and the doc line it cites; does the code do what the doc says? A wrong CONFORMS or a false DRIFT is NOT-GREEN.	Emma	results/card-tools22-rule-toolwork-5-L512/RESULT.md
card-tools22-rule-toolwork-5-L670	tools22-rule	qwen/qwen3.7-flash	RESULT tools22-rule-toolwork-5-L670 sha=5298f6be12ea — does the code at this base do what docs/SPEC-TOOLWORK.md rule 5 says?	CONFORMS or DRIFT claim: open the named file:line at dev and the doc line it cites; does the code do what the doc says? A wrong CONFORMS or a false DRIFT is NOT-GREEN.	Emma	results/card-tools22-rule-toolwork-5-L670/RESULT.md
card-tools22-rule-toolwork-5-L742	tools22-rule	qwen/qwen3.7-flash	RESULT tools22-rule-toolwork-5-L742 sha=5298f6be12ea	CONFORMS or DRIFT claim: open the named file:line at dev and the doc line it cites; does the code do what the doc says? A wrong CONFORMS or a false DRIFT is NOT-GREEN.	Emma	results/card-tools22-rule-toolwork-5-L742/RESULT.md
card-tools22-rule-toolwork-6	tools22-rule	qwen/qwen3.7-flash	RESULT tools22-rule-toolwork-6 sha=5298f6be12ea	CONFORMS or DRIFT claim: open the named file:line at dev and the doc line it cites; does the code do what the doc says? A wrong CONFORMS or a false DRIFT is NOT-GREEN.	Emma	results/card-tools22-rule-toolwork-6/RESULT.md
card-tools22-rule-toolwork-6-L148	tools22-rule	deepseek-v4-flash	RESULT tools22-rule-toolwork-6-L148 sha=5298f6be12ea — does the code at this base do what docs/SPEC-TOOLWORK.md rule 6 says?	CONFORMS or DRIFT claim: open the named file:line at dev and the doc line it cites; does the code do what the doc says? A wrong CONFORMS or a false DRIFT is NOT-GREEN.	Emma	results/card-tools22-rule-toolwork-6-L148/RESULT.md
card-tools22-rule-toolwork-6-L589	tools22-rule	deepseek/deepseek-v4-flash	RESULT tools22-rule-toolwork-6-L589 sha=5298f6be12ea — does the code at this base do what docs/SPEC-TOOLWORK.md rule 6 says?	CONFORMS or DRIFT claim: open the named file:line at dev and the doc line it cites; does the code do what the doc says? A wrong CONFORMS or a false DRIFT is NOT-GREEN.	Emma	results/card-tools22-rule-toolwork-6-L589/RESULT.md
card-tools22-rule-toolwork-6-L749	tools22-rule	qwen/qwen3.7-flash	RESULT tools22-rule-toolwork-6-L749 sha=5298f6be12ea — does the code at this base do what docs/SPEC-TOOLWORK.md rule 6 says?	CONFORMS or DRIFT claim: open the named file:line at dev and the doc line it cites; does the code do what the doc says? A wrong CONFORMS or a false DRIFT is NOT-GREEN.	Emma	results/card-tools22-rule-toolwork-6-L749/RESULT.md
card-tools22-rule-toolwork-6-L832	tools22-rule	deepseek-v4-flash	RESULT tools22-rule-toolwork-6-L832 sha=5298f6be12ea — does the code at this base do what docs/SPEC-TOOLWORK.md rule 6 says?	CONFORMS or DRIFT claim: open the named file:line at dev and the doc line it cites; does the code do what the doc says? A wrong CONFORMS or a false DRIFT is NOT-GREEN.	Emma	results/card-tools22-rule-toolwork-6-L832/RESULT.md
card-tools22-rule-toolwork-6-L942	tools22-rule	deepseek-v4-flash	RESULT tools22-rule-toolwork-6-L942 sha=5298f6be12ea	CONFORMS or DRIFT claim: open the named file:line at dev and the doc line it cites; does the code do what the doc says? A wrong CONFORMS or a false DRIFT is NOT-GREEN.	Emma	results/card-tools22-rule-toolwork-6-L942/RESULT.md
card-tools22-rule-toolwork-7	tools22-rule	deepseek/deepseek-v4-flash	RESULT tools22-rule-toolwork-7 sha=5298f6be12ea — does the code at this base do what docs/SPEC-TOOLWORK.md rule 7 says?	CONFORMS or DRIFT claim: open the named file:line at dev and the doc line it cites; does the code do what the doc says? A wrong CONFORMS or a false DRIFT is NOT-GREEN.	Emma	results/card-tools22-rule-toolwork-7/RESULT.md
card-tools22-rule-toolwork-7-L158	tools22-rule	qwen/qwen3.7-flash	RESULT tools22-rule-toolwork-7-L158 sha=5298f6be12ea	CONFORMS or DRIFT claim: open the named file:line at dev and the doc line it cites; does the code do what the doc says? A wrong CONFORMS or a false DRIFT is NOT-GREEN.	Emma	results/card-tools22-rule-toolwork-7-L158/RESULT.md
card-tools22-rule-toolwork-7-L385	tools22-rule	deepseek-v4-flash	RESULT tools22-rule-toolwork-7-L385 sha=5298f6be12ea — does the code at this base do what docs/SPEC-TOOLWORK.md rule 7 says?	CONFORMS or DRIFT claim: open the named file:line at dev and the doc line it cites; does the code do what the doc says? A wrong CONFORMS or a false DRIFT is NOT-GREEN.	Emma	results/card-tools22-rule-toolwork-7-L385/RESULT.md
card-tools22-rule-toolwork-7-L527	tools22-rule	deepseek-v4-flash	RESULT tools22-rule-toolwork-7-L527 sha=5298f6be12ea — does the code at this base do what docs/SPEC-TOOLWORK.md rule 7 says?	CONFORMS or DRIFT claim: open the named file:line at dev and the doc line it cites; does the code do what the doc says? A wrong CONFORMS or a false DRIFT is NOT-GREEN.	Emma	results/card-tools22-rule-toolwork-7-L527/RESULT.md
card-tools22-rule-toolwork-7-L600	tools22-rule	qwen/qwen3.7-flash	RESULT tools22-rule-toolwork-7-L600 sha=5298f6be12ea — does the code at this base do what docs/SPEC-TOOLWORK.md rule 7 says?	CONFORMS or DRIFT claim: open the named file:line at dev and the doc line it cites; does the code do what the doc says? A wrong CONFORMS or a false DRIFT is NOT-GREEN.	Emma	results/card-tools22-rule-toolwork-7-L600/RESULT.md
card-tools22-rule-toolwork-7-L840	tools22-rule	deepseek-v4-flash	RESULT tools22-rule-toolwork-7-L840 sha=5298f6be12ea — does the code at this base do what docs/SPEC-TOOLWORK.md rule 7 says?	CONFORMS or DRIFT claim: open the named file:line at dev and the doc line it cites; does the code do what the doc says? A wrong CONFORMS or a false DRIFT is NOT-GREEN.	Emma	results/card-tools22-rule-toolwork-7-L840/RESULT.md
card-tools22-rule-toolwork-7-L947	tools22-rule	deepseek/deepseek-v4-flash	RESULT tools22-rule-toolwork-7-L947 sha=5298f6be12ea	CONFORMS or DRIFT claim: open the named file:line at dev and the doc line it cites; does the code do what the doc says? A wrong CONFORMS or a false DRIFT is NOT-GREEN.	Emma	results/card-tools22-rule-toolwork-7-L947/RESULT.md
card-tools22-rule-toolwork-8	tools22-rule	qwen/qwen3.7-flash	RESULT tools22-rule-toolwork-8 sha=5298f6be12ea — does the code at this base do what docs/SPEC-TOOLWORK.md rule 8 says?	CONFORMS or DRIFT claim: open the named file:line at dev and the doc line it cites; does the code do what the doc says? A wrong CONFORMS or a false DRIFT is NOT-GREEN.	Emma	results/card-tools22-rule-toolwork-8/RESULT.md
card-tools22-rule-toolwork-8-L166	tools22-rule	qwen/qwen3.7-flash	RESULT tools22-rule-toolwork-8-L166 sha=5298f6be12ea — does the code at this base do what docs/SPEC-TOOLWORK.md rule 8 says?	CONFORMS or DRIFT claim: open the named file:line at dev and the doc line it cites; does the code do what the doc says? A wrong CONFORMS or a false DRIFT is NOT-GREEN.	Emma	results/card-tools22-rule-toolwork-8-L166/RESULT.md
card-tools22-rule-toolwork-8-L395	tools22-rule	deepseek-v4-flash	RESULT tools22-rule-toolwork-8-L395 sha=5298f6be12ea — does the code at this base do what docs/SPEC-TOOLWORK.md rule 8 says?	CONFORMS or DRIFT claim: open the named file:line at dev and the doc line it cites; does the code do what the doc says? A wrong CONFORMS or a false DRIFT is NOT-GREEN.	Emma	results/card-tools22-rule-toolwork-8-L395/RESULT.md
card-tools22-rule-toolwork-8-L850	tools22-rule	deepseek-v4-flash	RESULT tools22-rule-toolwork-8-L850 sha=5298f6be12ea	CONFORMS or DRIFT claim: open the named file:line at dev and the doc line it cites; does the code do what the doc says? A wrong CONFORMS or a false DRIFT is NOT-GREEN.	Emma	results/card-tools22-rule-toolwork-8-L850/RESULT.md
card-tools22-rule-toolwork-9	tools22-rule	deepseek/deepseek-v4-flash	RESULT tools22-rule-toolwork-9 sha=5298f6be12ea	CONFORMS or DRIFT claim: open the named file:line at dev and the doc line it cites; does the code do what the doc says? A wrong CONFORMS or a false DRIFT is NOT-GREEN.	Emma	results/card-tools22-rule-toolwork-9/RESULT.md
card-tools22-rule-toolwork-9-L187	tools22-rule	deepseek-v4-flash	RESULT tools22-rule-toolwork-9-L187 sha=5298f6be12ea — does the code at this base do what docs/SPEC-TOOLWORK.md rule 9 says?	CONFORMS or DRIFT claim: open the named file:line at dev and the doc line it cites; does the code do what the doc says? A wrong CONFORMS or a false DRIFT is NOT-GREEN.	Emma	results/card-tools22-rule-toolwork-9-L187/RESULT.md
card-tools22-rule-toolwork-9-L404	tools22-rule	deepseek-v4-flash	RESULT tools22-rule-toolwork-9-L404 sha=5298f6be12ea — does the code at this base do what docs/SPEC-TOOLWORK.md rule 9 says?	CONFORMS or DRIFT claim: open the named file:line at dev and the doc line it cites; does the code do what the doc says? A wrong CONFORMS or a false DRIFT is NOT-GREEN.	Emma	results/card-tools22-rule-toolwork-9-L404/RESULT.md
card-tools22-rule-version-1-L165	tools22-rule	qwen/qwen3.7-flash	RESULT tools22-rule-version-1-L165 sha=5298f6be12ea	CONFORMS or DRIFT claim: open the named file:line at dev and the doc line it cites; does the code do what the doc says? A wrong CONFORMS or a false DRIFT is NOT-GREEN.	Emma	results/card-tools22-rule-version-1-L165/RESULT.md
card-tools22-rule-version-1-L18	tools22-rule	deepseek/deepseek-v4-flash	"""RESULT tools22-rule-version-1-L18 sha=5298f6be12ea — does the code at this base do what docs/SPEC-VERSION.md rule 1 says?"	CONFORMS or DRIFT claim: open the named file:line at dev and the doc line it cites; does the code do what the doc says? A wrong CONFORMS or a false DRIFT is NOT-GREEN.	Emma	results/card-tools22-rule-version-1-L18/RESULT.md
card-tools22-rule-version-1-L80	tools22-rule	deepseek-v4-flash	RESULT tools22-rule-version-1-L80 sha=5298f6be12ea — does the code at this base do what docs/SPEC-VERSION.md rule 1 says?	CONFORMS or DRIFT claim: open the named file:line at dev and the doc line it cites; does the code do what the doc says? A wrong CONFORMS or a false DRIFT is NOT-GREEN.	Emma	results/card-tools22-rule-version-1-L80/RESULT.md
card-tools22-rule-version-10-L65	tools22-rule	deepseek/deepseek-v4-flash	RESULT tools22-rule-version-10-L65 sha=5298f6be12ea — does the code at this base do what docs/SPEC-VERSION.md rule 10 says?	CONFORMS or DRIFT claim: open the named file:line at dev and the doc line it cites; does the code do what the doc says? A wrong CONFORMS or a false DRIFT is NOT-GREEN.	Emma	results/card-tools22-rule-version-10-L65/RESULT.md
card-tools22-rule-version-10-L89	tools22-rule	qwen/qwen3.7-flash	RESULT tools22-rule-version-10-L89 sha=5298f6be12ea — does the code at this base do what docs/SPEC-VERSION.md rule 10 says?	CONFORMS or DRIFT claim: open the named file:line at dev and the doc line it cites; does the code do what the doc says? A wrong CONFORMS or a false DRIFT is NOT-GREEN.	Emma	results/card-tools22-rule-version-10-L89/RESULT.md
card-tools22-rule-version-11	tools22-rule	qwen/qwen3.7-flash	"""RESULT tools22-rule-version-11 sha=5298f6be12ea — does the code at this base do what docs/SPEC-VERSION.md rule 11 says?"	CONFORMS or DRIFT claim: open the named file:line at dev and the doc line it cites; does the code do what the doc says? A wrong CONFORMS or a false DRIFT is NOT-GREEN.	Emma	results/card-tools22-rule-version-11/RESULT.md
card-tools22-rule-version-11-L175	tools22-rule	qwen/qwen3.7-flash	RESULT tools22-rule-version-11-L175 sha=5298f6be12ea	CONFORMS or DRIFT claim: open the named file:line at dev and the doc line it cites; does the code do what the doc says? A wrong CONFORMS or a false DRIFT is NOT-GREEN.	Emma	results/card-tools22-rule-version-11-L175/RESULT.md
card-tools22-rule-version-11-L90	tools22-rule	deepseek/deepseek-v4-flash	RESULT tools22-rule-version-11-L90 sha=5298f6be12ea	CONFORMS or DRIFT claim: open the named file:line at dev and the doc line it cites; does the code do what the doc says? A wrong CONFORMS or a false DRIFT is NOT-GREEN.	Emma	results/card-tools22-rule-version-11-L90/RESULT.md
card-tools22-rule-version-12	tools22-rule	deepseek-v4-flash	"""RESULT tools22-rule-version-12 sha=5298f6be12ea — does the code at this base do what docs/SPEC-VERSION.md rule 12 says?"	CONFORMS or DRIFT claim: open the named file:line at dev and the doc line it cites; does the code do what the doc says? A wrong CONFORMS or a false DRIFT is NOT-GREEN.	Emma	results/card-tools22-rule-version-12/RESULT.md
card-tools22-rule-version-12-L176	tools22-rule	qwen/qwen3.7-flash	RESULT tools22-rule-version-12-L176 sha=5298f6be12eaa0f7e6622334d2b6a1eb427649e3	CONFORMS or DRIFT claim: open the named file:line at dev and the doc line it cites; does the code do what the doc says? A wrong CONFORMS or a false DRIFT is NOT-GREEN.	Emma	results/card-tools22-rule-version-12-L176/RESULT.md
card-tools22-rule-version-12-L71	tools22-rule	deepseek-v4-flash	RESULT tools22-rule-version-12-L71 sha=5298f6be12ea — does the code at this base do what docs/SPEC-VERSION.md rule 12 says?	CONFORMS or DRIFT claim: open the named file:line at dev and the doc line it cites; does the code do what the doc says? A wrong CONFORMS or a false DRIFT is NOT-GREEN.	Emma	results/card-tools22-rule-version-12-L71/RESULT.md
card-tools22-rule-version-13-L177	tools22-rule	deepseek/deepseek-v4-flash	RESULT tools22-rule-version-13-L177 sha=5298f6be12ea	CONFORMS or DRIFT claim: open the named file:line at dev and the doc line it cites; does the code do what the doc says? A wrong CONFORMS or a false DRIFT is NOT-GREEN.	Emma	results/card-tools22-rule-version-13-L177/RESULT.md
card-tools22-rule-version-2	tools22-rule	deepseek-v4-flash	RESULT tools22-rule-version-2 sha=5298f6be12ea	CONFORMS or DRIFT claim: open the named file:line at dev and the doc line it cites; does the code do what the doc says? A wrong CONFORMS or a false DRIFT is NOT-GREEN.	Emma	results/card-tools22-rule-version-2/RESULT.md
card-tools22-rule-version-2-L166	tools22-rule	deepseek/deepseek-v4-flash	RESULT tools22-rule-version-2-L166 sha=5298f6be12ea	CONFORMS or DRIFT claim: open the named file:line at dev and the doc line it cites; does the code do what the doc says? A wrong CONFORMS or a false DRIFT is NOT-GREEN.	Emma	results/card-tools22-rule-version-2-L166/RESULT.md
card-tools22-rule-version-2-L21	tools22-rule	qwen/qwen3.7-flash	RESULT tools22-rule-version-2-L21 sha=5298f6be12ea — does the code at this base do what docs/SPEC-VERSION.md rule 2 says?	CONFORMS or DRIFT claim: open the named file:line at dev and the doc line it cites; does the code do what the doc says? A wrong CONFORMS or a false DRIFT is NOT-GREEN.	Emma	results/card-tools22-rule-version-2-L21/RESULT.md
card-tools22-rule-version-2-L81	tools22-rule	mercury-2.5	RESULT tools22-rule-version-2-L81 sha=5298f6be12ea — does the code at this base do what docs/SPEC-VERSION.md rule 2 says?	CONFORMS or DRIFT claim: open the named file:line at dev and the doc line it cites; does the code do what the doc says? A wrong CONFORMS or a false DRIFT is NOT-GREEN.	Emma	results/card-tools22-rule-version-2-L81/RESULT.md
card-tools22-rule-version-3	tools22-rule	deepseek-v4-flash	RESULT tools22-rule-version-3 sha=5298f6be12ea — does the code at this base do what docs/SPEC-VERSION.md rule 3 says?	CONFORMS or DRIFT claim: open the named file:line at dev and the doc line it cites; does the code do what the doc says? A wrong CONFORMS or a false DRIFT is NOT-GREEN.	Emma	results/card-tools22-rule-version-3/RESULT.md
card-tools22-rule-version-3-L105	tools22-rule	deepseek/deepseek-v4-flash	RESULT tools22-rule-version-3-L105 sha=5298f6be12ea	CONFORMS or DRIFT claim: open the named file:line at dev and the doc line it cites; does the code do what the doc says? A wrong CONFORMS or a false DRIFT is NOT-GREEN.	Emma	results/card-tools22-rule-version-3-L105/RESULT.md
card-tools22-rule-version-3-L167	tools22-rule	qwen/qwen3.7-flash	RESULT tools22-rule-version-3-L167 sha=5298f6be12ea	CONFORMS or DRIFT claim: open the named file:line at dev and the doc line it cites; does the code do what the doc says? A wrong CONFORMS or a false DRIFT is NOT-GREEN.	Emma	results/card-tools22-rule-version-3-L167/RESULT.md
card-tools22-rule-version-3-L29	tools22-rule	mercury-2.5	RESULT tools22-rule-version-3-L29 sha=5298f6be12ea — does the code at this base do what docs/SPEC-VERSION.md rule 3 says?	CONFORMS or DRIFT claim: open the named file:line at dev and the doc line it cites; does the code do what the doc says? A wrong CONFORMS or a false DRIFT is NOT-GREEN.	Emma	results/card-tools22-rule-version-3-L29/RESULT.md
card-tools22-rule-version-3-L82	tools22-rule	deepseek/deepseek-v4-flash	RESULT tools22-rule-version-3-L82 sha=5298f6be12ea — does the code at this base do what docs/SPEC-VERSION.md rule 3 says?	CONFORMS or DRIFT claim: open the named file:line at dev and the doc line it cites; does the code do what the doc says? A wrong CONFORMS or a false DRIFT is NOT-GREEN.	Emma	results/card-tools22-rule-version-3-L82/RESULT.md
card-tools22-rule-version-4-L111	tools22-rule	deepseek-v4-flash	RESULT tools22-rule-version-4-L111 sha=5298f6be12ea	CONFORMS or DRIFT claim: open the named file:line at dev and the doc line it cites; does the code do what the doc says? A wrong CONFORMS or a false DRIFT is NOT-GREEN.	Emma	results/card-tools22-rule-version-4-L111/RESULT.md
card-tools22-rule-version-5	tools22-rule	deepseek/deepseek-v4-flash	RESULT tools22-rule-version-5 sha=5298f6be12ea	CONFORMS or DRIFT claim: open the named file:line at dev and the doc line it cites; does the code do what the doc says? A wrong CONFORMS or a false DRIFT is NOT-GREEN.	Emma	results/card-tools22-rule-version-5/RESULT.md
card-tools22-rule-version-5-L84	tools22-rule	deepseek/deepseek-v4-flash	RESULT tools22-rule-version-5-L84 sha=5298f6be12ea — does the code at this base do what docs/SPEC-VERSION.md rule 5 says?	CONFORMS or DRIFT claim: open the named file:line at dev and the doc line it cites; does the code do what the doc says? A wrong CONFORMS or a false DRIFT is NOT-GREEN.	Emma	results/card-tools22-rule-version-5-L84/RESULT.md
card-tools22-rule-version-6-L48	tools22-rule	deepseek/deepseek-v4-flash	RESULT tools22-rule-version-6-L48 sha=5298f6be12ea — does the code at this base do what docs/SPEC-VERSION.md rule 6 says?	CONFORMS or DRIFT claim: open the named file:line at dev and the doc line it cites; does the code do what the doc says? A wrong CONFORMS or a false DRIFT is NOT-GREEN.	Emma	results/card-tools22-rule-version-6-L48/RESULT.md
card-tools22-rule-version-6-L85	tools22-rule	qwen/qwen3.7-flash	RESULT tools22-rule-version-6-L85 sha=5298f6be12eaa0f7e6622334d2b6a1eb427649e3 — does the code at this base do what docs/SPEC-VERSION.md rule 6 says?	CONFORMS or DRIFT claim: open the named file:line at dev and the doc line it cites; does the code do what the doc says? A wrong CONFORMS or a false DRIFT is NOT-GREEN.	Emma	results/card-tools22-rule-version-6-L85/RESULT.md
card-tools22-rule-version-7	tools22-rule	deepseek/deepseek-v4-flash	"""RESULT tools22-rule-version-7 sha=5298f6be12ea — does the code at this base do what docs/SPEC-VERSION.md rule 7 says?"	CONFORMS or DRIFT claim: open the named file:line at dev and the doc line it cites; does the code do what the doc says? A wrong CONFORMS or a false DRIFT is NOT-GREEN.	Emma	results/card-tools22-rule-version-7/RESULT.md
card-tools22-rule-version-7-L127	tools22-rule	deepseek/deepseek-v4-flash	"""RESULT tools22-rule-version-7-L127 sha=5298f6be12ea — does the code at this base do what docs/SPEC-VERSION.md rule 7 says?"	CONFORMS or DRIFT claim: open the named file:line at dev and the doc line it cites; does the code do what the doc says? A wrong CONFORMS or a false DRIFT is NOT-GREEN.	Emma	results/card-tools22-rule-version-7-L127/RESULT.md
card-tools22-rule-version-7-L171	tools22-rule	qwen/qwen3.7-flash	RESULT tools22-rule-version-7-L171 sha=5298f6be12eaa0f7e6622334d2b6a1eb427649e3	CONFORMS or DRIFT claim: open the named file:line at dev and the doc line it cites; does the code do what the doc says? A wrong CONFORMS or a false DRIFT is NOT-GREEN.	Emma	results/card-tools22-rule-version-7-L171/RESULT.md
card-tools22-rule-version-7-L55	tools22-rule	qwen/qwen3.7-flash	RESULT tools22-rule-version-7-L55 sha=5298f6be12ea	CONFORMS or DRIFT claim: open the named file:line at dev and the doc line it cites; does the code do what the doc says? A wrong CONFORMS or a false DRIFT is NOT-GREEN.	Emma	results/card-tools22-rule-version-7-L55/RESULT.md
card-tools22-rule-version-7-L86	tools22-rule	qwen/qwen3.7-flash	RESULT tools22-rule-version-7-L86 sha=5298f6be12eaa0f7e6622334d2b6a1eb427649e3 — does the code at this base do what docs/SPEC-VERSION.md rule 7 says?	CONFORMS or DRIFT claim: open the named file:line at dev and the doc line it cites; does the code do what the doc says? A wrong CONFORMS or a false DRIFT is NOT-GREEN.	Emma	results/card-tools22-rule-version-7-L86/RESULT.md
card-tools22-rule-version-8	tools22-rule	deepseek-v4-flash	RESULT tools22-rule-version-8 sha=5298f6be12ea	CONFORMS or DRIFT claim: open the named file:line at dev and the doc line it cites; does the code do what the doc says? A wrong CONFORMS or a false DRIFT is NOT-GREEN.	Emma	results/card-tools22-rule-version-8/RESULT.md
card-tools22-rule-version-8-L130	tools22-rule	qwen/qwen3.7-flash	RESULT tools22-rule-version-8-L130 sha=5298f6be12ea — does the code at this base do what docs/SPEC-VERSION.md rule 8 says?	CONFORMS or DRIFT claim: open the named file:line at dev and the doc line it cites; does the code do what the doc says? A wrong CONFORMS or a false DRIFT is NOT-GREEN.	Emma	results/card-tools22-rule-version-8-L130/RESULT.md
card-tools22-rule-version-8-L172	tools22-rule	deepseek/deepseek-v4-flash	RESULT tools22-rule-version-8-L172 sha=5298f6be12ea — does the code at this base do what docs/SPEC-VERSION.md rule 8 says?	CONFORMS or DRIFT claim: open the named file:line at dev and the doc line it cites; does the code do what the doc says? A wrong CONFORMS or a false DRIFT is NOT-GREEN.	Emma	results/card-tools22-rule-version-8-L172/RESULT.md
card-tools22-rule-version-8-L58	tools22-rule	qwen/qwen3.7-flash	RESULT tools22-rule-version-8-L58 sha=5298f6be12ea — does the code at this base do what docs/SPEC-VERSION.md rule 8 says?	CONFORMS or DRIFT claim: open the named file:line at dev and the doc line it cites; does the code do what the doc says? A wrong CONFORMS or a false DRIFT is NOT-GREEN.	Emma	results/card-tools22-rule-version-8-L58/RESULT.md
card-tools22-rule-version-8-L87	tools22-rule	qwen/qwen3.7-flash	"""RESULT tools22-rule-version-8-L87 sha=5298f6be12ea — does the code at this base do what docs/SPEC-VERSION.md rule 8 says?"	CONFORMS or DRIFT claim: open the named file:line at dev and the doc line it cites; does the code do what the doc says? A wrong CONFORMS or a false DRIFT is NOT-GREEN.	Emma	results/card-tools22-rule-version-8-L87/RESULT.md
card-tools22-rule-version-9	tools22-rule	qwen/qwen3.7-flash	RESULT tools22-rule-version-9 sha=5298f6be12ea — does the code at this base do what docs/SPEC-VERSION.md rule 9 say?	CONFORMS or DRIFT claim: open the named file:line at dev and the doc line it cites; does the code do what the doc says? A wrong CONFORMS or a false DRIFT is NOT-GREEN.	Emma	results/card-tools22-rule-version-9/RESULT.md
card-tools22-rule-version-9-L134	tools22-rule	deepseek-v4-flash	RESULT tools22-rule-version-9-L134 sha=5298f6be12ea — does the code at this base do what docs/SPEC-VERSION.md rule 9 says?	CONFORMS or DRIFT claim: open the named file:line at dev and the doc line it cites; does the code do what the doc says? A wrong CONFORMS or a false DRIFT is NOT-GREEN.	Emma	results/card-tools22-rule-version-9-L134/RESULT.md
card-tools22-rule-version-9-L173	tools22-rule	deepseek-v4-flash	RESULT tools22-rule-version-9-L173 sha=5298f6be12ea	CONFORMS or DRIFT claim: open the named file:line at dev and the doc line it cites; does the code do what the doc says? A wrong CONFORMS or a false DRIFT is NOT-GREEN.	Emma	results/card-tools22-rule-version-9-L173/RESULT.md
card-tools22-rule-version-9-L62	tools22-rule	qwen/qwen3.7-flash	RESULT tools22-rule-version-9-L62 sha=5298f6be12ea	CONFORMS or DRIFT claim: open the named file:line at dev and the doc line it cites; does the code do what the doc says? A wrong CONFORMS or a false DRIFT is NOT-GREEN.	Emma	results/card-tools22-rule-version-9-L62/RESULT.md
card-tools22-rule-version-9-L88	tools22-rule	deepseek-v4-flash	RESULT tools22-rule-version-9-L88 sha=5298f6be12ea — does the code at this base do what docs/SPEC-VERSION.md rule 9 says?	CONFORMS or DRIFT claim: open the named file:line at dev and the doc line it cites; does the code do what the doc says? A wrong CONFORMS or a false DRIFT is NOT-GREEN.	Emma	results/card-tools22-rule-version-9-L88/RESULT.md
card-tools22-rule-wake-1-L1819	tools22-rule	deepseek/deepseek-v4-flash	RESULT tools22-rule-wake-1-L1819 sha=5298f6be12ea	CONFORMS or DRIFT claim: open the named file:line at dev and the doc line it cites; does the code do what the doc says? A wrong CONFORMS or a false DRIFT is NOT-GREEN.	Emma	results/card-tools22-rule-wake-1-L1819/RESULT.md
card-tools22-rule-wake-10-L3293	tools22-rule	deepseek/deepseek-v4-flash	RESULT tools22-rule-wake-10-L3293 sha=5298f6be12ea — does the code at this base do what docs/SPEC-WAKE.md rule 10 says?	CONFORMS or DRIFT claim: open the named file:line at dev and the doc line it cites; does the code do what the doc says? A wrong CONFORMS or a false DRIFT is NOT-GREEN.	Emma	results/card-tools22-rule-wake-10-L3293/RESULT.md
card-tools22-rule-wake-11-L2154	tools22-rule	mercury-2.5	RESULT tools22-rule-wake-11-L2154 sha=5298f6be12ea — does the code at this base do what docs/SPEC-WAKE.md rule 11 says?	CONFORMS or DRIFT claim: open the named file:line at dev and the doc line it cites; does the code do what the doc says? A wrong CONFORMS or a false DRIFT is NOT-GREEN.	Emma	results/card-tools22-rule-wake-11-L2154/RESULT.md
card-tools22-rule-wake-11-L3351	tools22-rule	deepseek-v4-flash	RESULT tools22-rule-wake-11-L3351 sha=5298f6be12ea — does the code at this base do what docs/SPEC-WAKE.md rule 11 says?	CONFORMS or DRIFT claim: open the named file:line at dev and the doc line it cites; does the code do what the doc says? A wrong CONFORMS or a false DRIFT is NOT-GREEN.	Emma	results/card-tools22-rule-wake-11-L3351/RESULT.md
card-tools22-rule-wake-11-L4117	tools22-rule	qwen/qwen3.7-flash	RESULT tools22-rule-wake-11-L4117 sha=5298f6be12ea — does the code at this base do what docs/SPEC-WAKE.md rule 11 says?	CONFORMS or DRIFT claim: open the named file:line at dev and the doc line it cites; does the code do what the doc says? A wrong CONFORMS or a false DRIFT is NOT-GREEN.	Emma	results/card-tools22-rule-wake-11-L4117/RESULT.md
card-tools22-rule-wake-12	tools22-rule	deepseek/deepseek-v4-flash	RESULT tools22-rule-wake-12 sha=5298f6be12ea	CONFORMS or DRIFT claim: open the named file:line at dev and the doc line it cites; does the code do what the doc says? A wrong CONFORMS or a false DRIFT is NOT-GREEN.	Emma	results/card-tools22-rule-wake-12/RESULT.md
card-tools22-rule-wake-12-L2172	tools22-rule	qwen/qwen3.7-flash	RESULT tools22-rule-wake-12-L2172 sha=5298f6be12ea — does the code at this base do what docs/SPEC-WAKE.md rule 12 says?	CONFORMS or DRIFT claim: open the named file:line at dev and the doc line it cites; does the code do what the doc says? A wrong CONFORMS or a false DRIFT is NOT-GREEN.	Emma	results/card-tools22-rule-wake-12-L2172/RESULT.md
card-tools22-rule-wake-12-L3374	tools22-rule	mercury-2.5	RESULT tools22-rule-wake-12-L3374 sha=5298f6be12ea — does the code at this base do what docs/SPEC-WAKE.md rule 12 says?	CONFORMS or DRIFT claim: open the named file:line at dev and the doc line it cites; does the code do what the doc says? A wrong CONFORMS or a false DRIFT is NOT-GREEN.	Emma	results/card-tools22-rule-wake-12-L3374/RESULT.md
card-tools22-rule-wake-13	tools22-rule	deepseek/deepseek-v4-flash	RESULT tools22-rule-wake-13 sha=5298f6be12ea	CONFORMS or DRIFT claim: open the named file:line at dev and the doc line it cites; does the code do what the doc says? A wrong CONFORMS or a false DRIFT is NOT-GREEN.	Emma	results/card-tools22-rule-wake-13/RESULT.md
card-tools22-rule-wake-13-L2188	tools22-rule	mercury-2.5	RESULT tools22-rule-wake-13-L2188 sha=5298f6be12ea	CONFORMS or DRIFT claim: open the named file:line at dev and the doc line it cites; does the code do what the doc says? A wrong CONFORMS or a false DRIFT is NOT-GREEN.	Emma	results/card-tools22-rule-wake-13-L2188/RESULT.md
card-tools22-rule-wake-13-L4135	tools22-rule	deepseek/deepseek-v4-flash	RESULT tools22-rule-wake-13-L4135 sha=5298f6be12ea — does the code at this base do what docs/SPEC-WAKE.md rule 13 says?	CONFORMS or DRIFT claim: open the named file:line at dev and the doc line it cites; does the code do what the doc says? A wrong CONFORMS or a false DRIFT is NOT-GREEN.	Emma	results/card-tools22-rule-wake-13-L4135/RESULT.md
card-tools22-rule-wake-13-L4267	tools22-rule	deepseek-v4-flash	RESULT tools22-rule-wake-13-L4267 sha=5298f6be12ea — does the code at this base do what docs/SPEC-WAKE.md rule 13 says?	CONFORMS or DRIFT claim: open the named file:line at dev and the doc line it cites; does the code do what the doc says? A wrong CONFORMS or a false DRIFT is NOT-GREEN.	Emma	results/card-tools22-rule-wake-13-L4267/RESULT.md
card-tools22-rule-wake-14	tools22-rule	deepseek-v4-flash	RESULT tools22-rule-wake-14 sha=5298f6be12ea	CONFORMS or DRIFT claim: open the named file:line at dev and the doc line it cites; does the code do what the doc says? A wrong CONFORMS or a false DRIFT is NOT-GREEN.	Emma	results/card-tools22-rule-wake-14/RESULT.md
card-tools22-rule-wake-14-L2198	tools22-rule	qwen/qwen3.7-flash	RESULT tools22-rule-wake-14-L2198 sha=5298f6be12ea — does the code at this base do what docs/SPEC-WAKE.md rule 14 says?	CONFORMS or DRIFT claim: open the named file:line at dev and the doc line it cites; does the code do what the doc says? A wrong CONFORMS or a false DRIFT is NOT-GREEN.	Emma	results/card-tools22-rule-wake-14-L2198/RESULT.md
card-tools22-rule-wake-14-L3430	tools22-rule	deepseek-v4-flash	RESULT tools22-rule-wake-14-L3430 sha=5298f6be12ea	CONFORMS or DRIFT claim: open the named file:line at dev and the doc line it cites; does the code do what the doc says? A wrong CONFORMS or a false DRIFT is NOT-GREEN.	Emma	results/card-tools22-rule-wake-14-L3430/RESULT.md
card-tools22-rule-wake-14-L4154	tools22-rule	mercury-2.5	RESULT tools22-rule-wake-14-L4154 sha=5298f6be12ea — does the code at this base do what docs/SPEC-WAKE.md rule 14 says?	CONFORMS or DRIFT claim: open the named file:line at dev and the doc line it cites; does the code do what the doc says? A wrong CONFORMS or a false DRIFT is NOT-GREEN.	Emma	results/card-tools22-rule-wake-14-L4154/RESULT.md
card-tools22-rule-wake-14-L4271	tools22-rule	deepseek-v4-flash	RESULT tools22-rule-wake-14-L4271 sha=5298f6be12ea	CONFORMS or DRIFT claim: open the named file:line at dev and the doc line it cites; does the code do what the doc says? A wrong CONFORMS or a false DRIFT is NOT-GREEN.	Emma	results/card-tools22-rule-wake-14-L4271/RESULT.md
card-tools22-rule-wake-15	tools22-rule	deepseek-v4-flash	RESULT tools22-rule-wake-15 sha=5298f6be12ea	CONFORMS or DRIFT claim: open the named file:line at dev and the doc line it cites; does the code do what the doc says? A wrong CONFORMS or a false DRIFT is NOT-GREEN.	Emma	results/card-tools22-rule-wake-15/RESULT.md
card-tools22-rule-wake-15-L2222	tools22-rule	qwen/qwen3.7-flash	RULE tools22-rule-wake-15-L2222 sha=5298f6be12ea — does the code at this base do what docs/SPEC-WAKE.md rule 15 says?	CONFORMS or DRIFT claim: open the named file:line at dev and the doc line it cites; does the code do what the doc says? A wrong CONFORMS or a false DRIFT is NOT-GREEN.	Emma	results/card-tools22-rule-wake-15-L2222/RESULT.md
card-tools22-rule-wake-15-L3522	tools22-rule	mercury-2.5	RESULT tools22-rule-wake-15-L3522 sha=5298f6be12ea — does the code at this base do what docs/SPEC-WAKE.md rule 15 says?	CONFORMS or DRIFT claim: open the named file:line at dev and the doc line it cites; does the code do what the doc says? A wrong CONFORMS or a false DRIFT is NOT-GREEN.	Emma	results/card-tools22-rule-wake-15-L3522/RESULT.md
card-tools22-rule-wake-15-L4159	tools22-rule	deepseek-v4-flash	RESULT tools22-rule-wake-15-L4159 sha=5298f6be12ea	CONFORMS or DRIFT claim: open the named file:line at dev and the doc line it cites; does the code do what the doc says? A wrong CONFORMS or a false DRIFT is NOT-GREEN.	Emma	results/card-tools22-rule-wake-15-L4159/RESULT.md
card-tools22-rule-wake-15-L4274	tools22-rule	qwen/qwen3.7-flash	RESULT tools22-rule-wake-15-L4274 sha=5298f6be12ea — does the code at this base do what docs/SPEC-WAKE.md rule 15 says?	CONFORMS or DRIFT claim: open the named file:line at dev and the doc line it cites; does the code do what the doc says? A wrong CONFORMS or a false DRIFT is NOT-GREEN.	Emma	results/card-tools22-rule-wake-15-L4274/RESULT.md
card-tools22-rule-wake-16	tools22-rule	qwen/qwen3.7-flash	RESULT tools22-rule-wake-16 sha=5298f6be12ea — does the code at this base do what docs/SPEC-WAKE.md rule 16 says?	CONFORMS or DRIFT claim: open the named file:line at dev and the doc line it cites; does the code do what the doc says? A wrong CONFORMS or a false DRIFT is NOT-GREEN.	Emma	results/card-tools22-rule-wake-16/RESULT.md
card-tools22-rule-wake-17	tools22-rule	deepseek/deepseek-v4-flash	RESULT: BLOCKED card-tools22-rule-wake-17	CONFORMS or DRIFT claim: open the named file:line at dev and the doc line it cites; does the code do what the doc says? A wrong CONFORMS or a false DRIFT is NOT-GREEN.	Emma	results/card-tools22-rule-wake-17/RESULT.md
card-tools22-tx-nova-cairn-r13	tools22-tx	deepseek-v4-flash	RESULT tools22-tx-nova-cairn-r17 sha=5298f6be12ea — release-gate reading of `nova-cairn` against docs/TESTS.md:792-817	TRANSCRIPT: reproduce the docs/TESTS.md section on a bench; CLEAN or DRIFT.	Johnny	results/card-tools22-tx-nova-cairn-r13/RESULT.md
card-tools22-tx-nova-cairn-r15	tools22-tx	deepseek/deepseek-v4-flash	RESULT tools22-tx-nova-cairn-r17 sha=5298f6be12ea — release-gate reading of `nova-cairn` against docs/TESTS.md:792-817	TRANSCRIPT: reproduce the docs/TESTS.md section on a bench; CLEAN or DRIFT.	Johnny	results/card-tools22-tx-nova-cairn-r15/RESULT.md
card-tools22-tx-nova-update-r18	tools22-tx	-	RESULT tools22-tx-nova-update-r10 sha=5298f6be12ea — release-gate reading of `nova-update` against docs/TESTS.md:762-776	TRANSCRIPT: reproduce the docs/TESTS.md section on a bench; CLEAN or DRIFT.	Johnny	results/card-tools22-tx-nova-update-r18/RESULT.md
card-tools22-tx-nova-version-r10	tools22-tx	-	"""RESULT tools22-tx-nova-version-r11 sha=5298f6be12ea — release-gate reading of `nova-version` against docs/TESTS.md:777-791"""	TRANSCRIPT: reproduce the docs/TESTS.md section on a bench; CLEAN or DRIFT.	Johnny	results/card-tools22-tx-nova-version-r10/RESULT.md
card-work2-E01-F03-02	work2	deepseek-v4-pro	RESULT work2-E01-F03-02 sha=a3abdd4ad6dd — nova-work E01-F03 acceptance criterion, criterion E01-F03-02 (docs/roadmaps/nova-work.sexp): Keep containment as a fo	earlier nova-work test card (PRs #2056/#2098): is the test earned, red without the behaviour?	Emma	results/card-work2-E01-F03-02/RESULT.md
card-work2-E01-F04-01	work2	deepseek-v4-pro	RESULT work2-E01-F04-01 sha=a3abdd4ad6dd — nova-work E01-F04 acceptance criterion, criterion E01-F04-01 (docs/roadmaps/nova-work.sexp): Represent work-set, feat	earlier nova-work test card (PRs #2056/#2098): is the test earned, red without the behaviour?	Emma	results/card-work2-E01-F04-01/RESULT.md
card-work2-E01-F04-04	work2	deepseek-v4-pro	RESULT work2-E01-F04-04 sha=a3abdd4ad6dd — nova-work E01-F04 acceptance criterion, criterion E01-F04-04 (docs/roadmaps/nova-work.sexp): Represent project and st	earlier nova-work test card (PRs #2056/#2098): is the test earned, red without the behaviour?	Emma	results/card-work2-E01-F04-04/RESULT.md
card-work2-E02-F03-03	work2	deepseek-v4-pro	RESULT work2-E02-F03-03 sha=a3abdd4ad6dd — nova-work E02-F03 acceptance criterion, criterion E02-F03-03 (docs/roadmaps/nova-work.sexp): Never unlink another liv	earlier nova-work test card (PRs #2056/#2098): is the test earned, red without the behaviour?	Emma	results/card-work2-E02-F03-03/RESULT.md
card-work2-E02-F04-01	work2	deepseek-v4-pro	RESULT work2-E02-F04-01 sha=a3abdd4ad6dd — nova-work E02-F04 acceptance criterion, criterion E02-F04-01 (docs/roadmaps/nova-work.sexp): Check base tip and owner	earlier nova-work test card (PRs #2056/#2098): is the test earned, red without the behaviour?	Emma	results/card-work2-E02-F04-01/RESULT.md
card-work2-E02-F04-02	work2	deepseek-v4-pro	RESULT work2-E02-F04-02 sha=a3abdd4ad6dd — nova-work E02-F04 acceptance criterion, criterion E02-F04-02 (docs/roadmaps/nova-work.sexp): Admit each request again	earlier nova-work test card (PRs #2056/#2098): is the test earned, red without the behaviour?	Emma	results/card-work2-E02-F04-02/RESULT.md
card-work2-E02-F07-02	work2	deepseek-v4-pro	RESULT work2-E02-F07-02 sha=a3abdd4ad6dd — nova-work E02-F07 acceptance criterion, criterion E02-F07-02 (docs/roadmaps/nova-work.sexp): Support take, heartbeat,	earlier nova-work test card (PRs #2056/#2098): is the test earned, red without the behaviour?	Emma	results/card-work2-E02-F07-02/RESULT.md
card-work2-E03-F02-01	work2	deepseek-v4-pro	RESULT work2-E03-F02-01 sha=a3abdd4ad6dd — nova-work E03-F02 acceptance criterion, criterion E03-F02-01 (docs/roadmaps/nova-work.sexp): Support add, metadata ed	earlier nova-work test card (PRs #2056/#2098): is the test earned, red without the behaviour?	Emma	results/card-work2-E03-F02-01/RESULT.md
card-work2-E03-F04-01	work2	deepseek-v4-pro	RESULT work2-E03-F04-01 sha=a3abdd4ad6dd — nova-work E03-F04 acceptance criterion, criterion E03-F04-01 (docs/roadmaps/nova-work.sexp): Support evidence-guarded	earlier nova-work test card (PRs #2056/#2098): is the test earned, red without the behaviour?	Emma	results/card-work2-E03-F04-01/RESULT.md
card-work2-E05-F01-02	work2	deepseek-v4-pro	RESULT work2-E05-F01-02 sha=a3abdd4ad6dd — nova-work E05-F01 acceptance criterion, criterion E05-F01-02 (docs/roadmaps/nova-work.sexp): Require matching criteri	earlier nova-work test card (PRs #2056/#2098): is the test earned, red without the behaviour?	Emma	results/card-work2-E05-F01-02/RESULT.md
card-work2-E06-F04-02	work2	deepseek-v4-pro	RESULT work2-E06-F04-02 sha=a3abdd4ad6dd — nova-work E06-F04 acceptance criterion, criterion E06-F04-02 (docs/roadmaps/nova-work.sexp): Compare prior checkpoint	earlier nova-work test card (PRs #2056/#2098): is the test earned, red without the behaviour?	Emma	results/card-work2-E06-F04-02/RESULT.md
card-work2-E07-F02-02	work2	deepseek-v4-pro	RESULT work2-E07-F02-02 sha=a3abdd4ad6dd — nova-work E07-F02 acceptance criterion, criterion E07-F02-02 (docs/roadmaps/nova-work.sexp): Keep partial, missing an	earlier nova-work test card (PRs #2056/#2098): is the test earned, red without the behaviour?	Emma	results/card-work2-E07-F02-02/RESULT.md
card-work2-E07-F03-01	work2	deepseek-v4-pro	RESULT work2-E07-F03-01 sha=a3abdd4ad6dd — nova-work E07-F03 acceptance criterion, criterion E07-F03-01 (docs/roadmaps/nova-work.sexp): Regenerate ROADMAP from 	earlier nova-work test card (PRs #2056/#2098): is the test earned, red without the behaviour?	Emma	results/card-work2-E07-F03-01/RESULT.md
card-work2-E07-F05-01	work2	deepseek-v4-pro	RESULT work2-E07-F05-01 sha=a3abdd4ad6dd — nova-work E07-F05 acceptance criterion, criterion E07-F05-01 (docs/roadmaps/nova-work.sexp): Exercise completed cell,	earlier nova-work test card (PRs #2056/#2098): is the test earned, red without the behaviour?	Emma	results/card-work2-E07-F05-01/RESULT.md
card-work2-E07-F06-01	work2	deepseek-v4-pro	RESULT work2-E07-F06-01 sha=a3abdd4ad6dd — nova-work E07-F06 acceptance criterion, criterion E07-F06-01 (docs/roadmaps/nova-work.sexp): Omit private nodes and d	earlier nova-work test card (PRs #2056/#2098): is the test earned, red without the behaviour?	Emma	results/card-work2-E07-F06-01/RESULT.md
card-work2-E07-F06-02	work2	deepseek-v4-pro	RESULT work2-E07-F06-02 sha=a3abdd4ad6dd — nova-work E07-F06 acceptance criterion, criterion E07-F06-02 (docs/roadmaps/nova-work.sexp): When a public view reach	earlier nova-work test card (PRs #2056/#2098): is the test earned, red without the behaviour?	Emma	results/card-work2-E07-F06-02/RESULT.md
card-work2-E07-F06-03	work2	deepseek-v4-pro	RESULT work2-E07-F06-03 sha=a3abdd4ad6dd — nova-work E07-F06 acceptance criterion, criterion E07-F06-03 (docs/roadmaps/nova-work.sexp): Preserve private state i	earlier nova-work test card (PRs #2056/#2098): is the test earned, red without the behaviour?	Emma	results/card-work2-E07-F06-03/RESULT.md
card-work2-E08-F01-02	work2	deepseek-v4-pro	RESULT work2-E08-F01-02 sha=a3abdd4ad6dd — nova-work E08-F01 acceptance criterion, criterion E08-F01-02 (docs/roadmaps/nova-work.sexp): Provide bounded family/v	earlier nova-work test card (PRs #2056/#2098): is the test earned, red without the behaviour?	Emma	results/card-work2-E08-F01-02/RESULT.md
card-work2-E08-F02-04	work2	deepseek-v4-pro	RESULT work2-E08-F02-04 sha=a3abdd4ad6dd — nova-work E08-F02 acceptance criterion, criterion E08-F02-04 (docs/roadmaps/nova-work.sexp): Use bounded typed JSON o	earlier nova-work test card (PRs #2056/#2098): is the test earned, red without the behaviour?	Emma	results/card-work2-E08-F02-04/RESULT.md
card-work3-E07-F05-02	work3	deepseek-v4-pro	RESULT work3-E07-F05-02 sha=f01a0c42d7de — nova-work E07-F05 acceptance criterion, criterion E07-F05-02 (docs/roadmaps/nova-work.sexp): Record failures, repairs	earlier nova-work test card (PRs #2056/#2098): is the test earned, red without the behaviour?	Emma	results/card-work3-E07-F05-02/RESULT.md
card-work3-E08-F01-03	work3	deepseek-v4-pro	RESULT work3-E08-F01-03 sha=f01a0c42d7de — nova-work E08-F01 acceptance criterion, criterion E08-F01-03 (docs/roadmaps/nova-work.sexp): Refuse stale discovery a	earlier nova-work test card (PRs #2056/#2098): is the test earned, red without the behaviour?	Emma	results/card-work3-E08-F01-03/RESULT.md
card-work3-E08-F03-01	work3	deepseek-v4-pro	RESULT work3-E08-F03-01 sha=f01a0c42d7de34 — nova-work E08-F03 acceptance criterion, criterion E08-F03-01 (docs/roadmaps/nova-work.sexp): Index every known frie	earlier nova-work test card (PRs #2056/#2098): is the test earned, red without the behaviour?	Emma	results/card-work3-E08-F03-01/RESULT.md
card-work3-E08-F03-03	work3	deepseek-v4-pro	RESULT work3-E08-F03-03 sha=f01a0c42d7de34acd4cea8199e2f35510c50cde5 — nova-work E08-F03 acceptance criterion, criterion E08-F03-03 (docs/roadmaps/nova-work.sex	earlier nova-work test card (PRs #2056/#2098): is the test earned, red without the behaviour?	Emma	results/card-work3-E08-F03-03/RESULT.md
card-work3-E11-F06-03	work3	deepseek-v4-pro	RESULT work3-E11-F06-03 sha=f01a0c42d7de34acd4cea8199e2f35510c50cde5 — nova-work E11-F06 acceptance criterion, criterion E11-F06-03 (docs/roadmaps/nova-work.sex	earlier nova-work test card (PRs #2056/#2098): is the test earned, red without the behaviour?	Emma	results/card-work3-E11-F06-03/RESULT.md
card-work4-E10-F01-58	work4	deepseek-v4-pro	RESULT work4-E10-F01-58 sha=5298f6be12ea — nova-work E10-F01 criterion E10-F01-58 (sexp id E10-F01-01): Attach stable error code, stage, verb, request/operation	CRITERION implemented red-first: fetch the branch (work4/PRS.tsv), suite alone on hulk, then remove the behaviour: the new test must go red; refuse a constructor test.	Emma	results/card-work4-E10-F01-58/RESULT.md
card-work4-E10-F03-60	work4	deepseek-v4-pro	RESULT work4-E10-F03-60 sha=5298f6be12ea — nova-work E10-F03 criterion E10-F03-60 (sexp id E10-F03-03): Map each suite to an owner, command and CI lane without 	CRITERION implemented red-first: fetch the branch (work4/PRS.tsv), suite alone on hulk, then remove the behaviour: the new test must go red; refuse a constructor test.	Emma	results/card-work4-E10-F03-60/RESULT.md
card-work4-E10-F03-61	work4	deepseek-v4-pro	RESULT work4-E10-F03-61 sha=5298f6be12ea — nova-work E10-F03 criterion E10-F03-61 (sexp id E10-F03-04): Keep per-change CI within two minutes, exhaustive fault/	CRITERION implemented red-first: fetch the branch (work4/PRS.tsv), suite alone on hulk, then remove the behaviour: the new test must go red; refuse a constructor test.	Emma	results/card-work4-E10-F03-61/RESULT.md
card-work4m-E02-F06-19	work4m	deepseek-v4-pro	RESULT work4m-E02-F06-19 sha=5298f6be12ea — nova-work E02-F06 criterion E02-F06-19 (sexp id E02-F06-03): Provide reproducible build/install and small startup/st	CRITERION implemented red-first: fetch the branch (work4/PRS.tsv), suite alone on hulk, then remove the behaviour: the new test must go red; refuse a constructor test.	Emma	results/card-work4m-E02-F06-19/RESULT.md
card-work4m-E03-F03-23	work4m	deepseek-v4-pro	RESULT work4m-E03-F03-23 sha=5298f6be12ea — nova-work E03-F03 criterion E03-F03-23 (sexp id E03-F03-02): Record author, reason, scope revision and exact member 	CRITERION implemented red-first: fetch the branch (work4/PRS.tsv), suite alone on hulk, then remove the behaviour: the new test must go red; refuse a constructor test.	Emma	results/card-work4m-E03-F03-23/RESULT.md
card-work4m-E04-F01-25	work4m	deepseek-v4-pro	RESULT work4m-E04-F01-25 sha=5298f6be12ea — nova-work E04-F01 criterion E04-F01-25 (sexp id E04-F01-03): Label features, leaves and member grains with revision	CRITERION implemented red-first: fetch the branch (work4/PRS.tsv), suite alone on hulk, then remove the behaviour: the new test must go red; refuse a constructor test.	Emma	results/card-work4m-E04-F01-25/RESULT.md
card-work4m-E11-F05-72	work4m	deepseek-v4-pro	RESULT work4m-E11-F05-72 sha=5298f6be12ea — nova-work E11-F05 criterion E11-F05-72 (sexp id E11-F05-03): no-receipt-of-receipt: a worker returns one structured 	CRITERION implemented red-first: fetch the branch (work4/PRS.tsv), suite alone on hulk, then remove the behaviour: the new test must go red; refuse a constructor test.	Emma	results/card-work4m-E11-F05-72/RESULT.md
card-work4p-E02-F07-01	work4p	qwen/qwen3.7-flash	RESULT: BLOCKED card-work4p-E02-F07-01	PROVE: HOLDS or UNEARNED for a verified nova-work criterion; break the behaviour as described, run the named test on hulk outside the wall: does it move?	Emma	results/card-work4p-E02-F07-01/RESULT.md
card-work4p-E02-F07-03	work4p	deepseek-v4-flash	RESULT work4p-E02-F07-03 sha=5298f6be12ea — nova-work E02-F07: does the green MOVE? criterion E02-F07-03: Derive who, stale, expired and handoffs views from lea	PROVE: HOLDS or UNEARNED for a verified nova-work criterion; break the behaviour as described, run the named test on hulk outside the wall: does it move?	Emma	results/card-work4p-E02-F07-03/RESULT.md
card-work4p-E02-F07-04	work4p	deepseek/deepseek-v4-flash	RESULT: BLOCKED card-work4p-E02-F07-04	PROVE: HOLDS or UNEARNED for a verified nova-work criterion; break the behaviour as described, run the named test on hulk outside the wall: does it move?	Emma	results/card-work4p-E02-F07-04/RESULT.md
card-work4p-E03-F01-01	work4p	-	RESULT: BLOCKED card-work4p-E03-F01-01	PROVE: HOLDS or UNEARNED for a verified nova-work criterion; break the behaviour as described, run the named test on hulk outside the wall: does it move?	Emma	results/card-work4p-E03-F01-01/RESULT.md
card-work4p-E03-F01-02	work4p	qwen/qwen3.7-flash	RESULT work4p-E03-F01-02 sha=5298f6be12ea — nova-work E03-F01: does the green MOVE? criterion E03-F01-02: Validate multi-node changes all-or-none	PROVE: HOLDS or UNEARNED for a verified nova-work criterion; break the behaviour as described, run the named test on hulk outside the wall: does it move?	Emma	results/card-work4p-E03-F01-02/RESULT.md
card-work4p-E03-F02-02	work4p	-	RESULT: BLOCKED card-work4p-E03-F02-02	PROVE: HOLDS or UNEARNED for a verified nova-work criterion; break the behaviour as described, run the named test on hulk outside the wall: does it move?	Emma	results/card-work4p-E03-F02-02/RESULT.md
card-work4p-E03-F02-03	work4p	-	RESULT: BLOCKED card-work4p-E03-F02-03	PROVE: HOLDS or UNEARNED for a verified nova-work criterion; break the behaviour as described, run the named test on hulk outside the wall: does it move?	Emma	results/card-work4p-E03-F02-03/RESULT.md
card-work4p-E03-F05-01	work4p	deepseek/deepseek-v4-flash	RESULT work4p-E03-F05-01 sha=5298f6be12ea — nova-work E03-F05: does the green MOVE? criterion E03-F05-01: Create typed compensating envelopes from preimages	PROVE: HOLDS or UNEARNED for a verified nova-work criterion; break the behaviour as described, run the named test on hulk outside the wall: does it move?	Emma	results/card-work4p-E03-F05-01/RESULT.md
card-work4p-E03-F05-02	work4p	-	RESULT: BLOCKED card-work4p-E03-F05-02	PROVE: HOLDS or UNEARNED for a verified nova-work criterion; break the behaviour as described, run the named test on hulk outside the wall: does it move?	Emma	results/card-work4p-E03-F05-02/RESULT.md
card-work4p-E04-F01-01	work4p	deepseek-v4-flash	RESULT work4p-E04-F01-01 sha=5298f6be12ea — nova-work E04-F01: does the green MOVE? criterion E04-F01-01: Maintain root open-item counters in mutation envelopes	PROVE: HOLDS or UNEARNED for a verified nova-work criterion; break the behaviour as described, run the named test on hulk outside the wall: does it move?	Emma	results/card-work4p-E04-F01-01/RESULT.md
card-work4p-E04-F02-01	work4p	qwen/qwen3.7-flash	RESULT: BLOCKED card-work4p-E04-F02-01	PROVE: HOLDS or UNEARNED for a verified nova-work criterion; break the behaviour as described, run the named test on hulk outside the wall: does it move?	Emma	results/card-work4p-E04-F02-01/RESULT.md
card-work4p-E04-F02-02	work4p	-	RESULT: BLOCKED card-work4p-E04-F02-02	PROVE: HOLDS or UNEARNED for a verified nova-work criterion; break the behaviour as described, run the named test on hulk outside the wall: does it move?	Emma	results/card-work4p-E04-F02-02/RESULT.md
card-work4p-E04-F02-03	work4p	-	RESULT work4p-E04-F02-03 sha=5298f6be12ea — nova-work E04-F02: does the green MOVE? criterion E04-F02-03: Print completed required leaves as k/n and never avera	PROVE: HOLDS or UNEARNED for a verified nova-work criterion; break the behaviour as described, run the named test on hulk outside the wall: does it move?	Emma	results/card-work4p-E04-F02-03/RESULT.md
card-work4p-E04-F03-02	work4p	deepseek-v4-flash	RESULT work4p-E04-F03-02 sha=5298f6be12ea — nova-work E04-F03: does the green MOVE? criterion E04-F03-02: Report open plus closed totals without double membersh	PROVE: HOLDS or UNEARNED for a verified nova-work criterion; break the behaviour as described, run the named test on hulk outside the wall: does it move?	Emma	results/card-work4p-E04-F03-02/RESULT.md
card-work4p-E04-F03-03	work4p	deepseek/deepseek-v4-flash	RESULT work4p-E04-F03-03 sha=5298f6be12ea — nova-work E04-F03: does the green MOVE? criterion E04-F03-03: Report closed-in, settles-in and revives-in for window	PROVE: HOLDS or UNEARNED for a verified nova-work criterion; break the behaviour as described, run the named test on hulk outside the wall: does it move?	Emma	results/card-work4p-E04-F03-03/RESULT.md
card-work4p-E05-F01-03	work4p	deepseek-v4-flash	RESULT work4p-E05-F01-03 sha=5298f6be12ea — nova-work E05-F01: does the green MOVE? criterion E05-F01-03: Make correction generation invalidate prior qualificat	PROVE: HOLDS or UNEARNED for a verified nova-work criterion; break the behaviour as described, run the named test on hulk outside the wall: does it move?	Emma	results/card-work4p-E05-F01-03/RESULT.md
card-work4p-E05-F02-01	work4p	qwen/qwen3.7-flash	RESULT work4p-E05-F02-01 sha=5298f6be12ea — nova-work E05-F02: does the green MOVE? criterion E05-F02-01: Verify every evidence event, including those not named	PROVE: HOLDS or UNEARNED for a verified nova-work criterion; break the behaviour as described, run the named test on hulk outside the wall: does it move?	Emma	results/card-work4p-E05-F02-01/RESULT.md
card-work4p-E05-F02-02	work4p	-	RESULT: BLOCKED card-work4p-E05-F02-02	PROVE: HOLDS or UNEARNED for a verified nova-work criterion; break the behaviour as described, run the named test on hulk outside the wall: does it move?	Emma	results/card-work4p-E05-F02-02/RESULT.md
card-work4p-E05-F02-03	work4p	-	RESULT: BLOCKED card-work4p-E05-F02-03	PROVE: HOLDS or UNEARNED for a verified nova-work criterion; break the behaviour as described, run the named test on hulk outside the wall: does it move?	Emma	results/card-work4p-E05-F02-03/RESULT.md
card-work4p-E05-F03-01	work4p	-	RESULT: BLOCKED card-work4p-E05-F03-01	PROVE: HOLDS or UNEARNED for a verified nova-work criterion; break the behaviour as described, run the named test on hulk outside the wall: does it move?	Emma	results/card-work4p-E05-F03-01/RESULT.md
card-work4p-E05-F03-02	work4p	deepseek-v4-flash	RESULT work4p-E05-F03-02 sha=5298f6be12ea — nova-work E05-F03: does the green MOVE? criterion E05-F03-02: Support attested criteria with reviewer identity and r	PROVE: HOLDS or UNEARNED for a verified nova-work criterion; break the behaviour as described, run the named test on hulk outside the wall: does it move?	Emma	results/card-work4p-E05-F03-02/RESULT.md
card-work4p-E05-F03-03	work4p	-	RESULT: BLOCKED card-work4p-E05-F03-03	PROVE: HOLDS or UNEARNED for a verified nova-work criterion; break the behaviour as described, run the named test on hulk outside the wall: does it move?	Emma	results/card-work4p-E05-F03-03/RESULT.md
card-work4p-E05-F03-04	work4p	qwen/qwen3.7-flash	RESULT work4p-E05-F03-04 sha=5298f6be12ea — nova-work E05-F03: does the green MOVE? criterion E05-F03-04: reuse-only-valid-review: reuse a review only for uncha	PROVE: HOLDS or UNEARNED for a verified nova-work criterion; break the behaviour as described, run the named test on hulk outside the wall: does it move?	Emma	results/card-work4p-E05-F03-04/RESULT.md
card-work4p-E05-F04-01	work4p	-	RESULT: BLOCKED card-work4p-E05-F04-01	PROVE: HOLDS or UNEARNED for a verified nova-work criterion; break the behaviour as described, run the named test on hulk outside the wall: does it move?	Emma	results/card-work4p-E05-F04-01/RESULT.md
card-work4p-E05-F04-02	work4p	deepseek/deepseek-v4-flash	"""RESULT work4p-E05-F04-02 sha=5298f6be12ea — nova-work E05-F04: does the green MOVE? criterion E05-F04-02: Keep merged fix, verified behavior and published dist"	PROVE: HOLDS or UNEARNED for a verified nova-work criterion; break the behaviour as described, run the named test on hulk outside the wall: does it move?	Emma	results/card-work4p-E05-F04-02/RESULT.md
card-work4p-E05-F05-01	work4p	deepseek-v4-flash	RESULT work4p-E05-F05-01 sha=5298f6be12ea — nova-work E05-F05: does the green MOVE? criterion E05-F05-01: Use independent oracle/comparator and deliberately bro	PROVE: HOLDS or UNEARNED for a verified nova-work criterion; break the behaviour as described, run the named test on hulk outside the wall: does it move?	Emma	results/card-work4p-E05-F05-01/RESULT.md
card-work4p-E05-F05-03	work4p	-	RESULT: BLOCKED card-work4p-E05-F05-03	PROVE: HOLDS or UNEARNED for a verified nova-work criterion; break the behaviour as described, run the named test on hulk outside the wall: does it move?	Emma	results/card-work4p-E05-F05-03/RESULT.md
card-work4p-E05-F06-03	work4p	-	RESULT: BLOCKED card-work4p-E05-F06-03	PROVE: HOLDS or UNEARNED for a verified nova-work criterion; break the behaviour as described, run the named test on hulk outside the wall: does it move?	Emma	results/card-work4p-E05-F06-03/RESULT.md
card-work4p-E06-F01-02	work4p	-	RESULT: BLOCKED card-work4p-E06-F01-02	PROVE: HOLDS or UNEARNED for a verified nova-work criterion; break the behaviour as described, run the named test on hulk outside the wall: does it move?	Emma	results/card-work4p-E06-F01-02/RESULT.md
card-work4p-E06-F01-03	work4p	-	RESULT: BLOCKED card-work4p-E06-F01-03	PROVE: HOLDS or UNEARNED for a verified nova-work criterion; break the behaviour as described, run the named test on hulk outside the wall: does it move?	Emma	results/card-work4p-E06-F01-03/RESULT.md
card-work4p-E06-F01-04	work4p	-	RESULT: BLOCKED card-work4p-E06-F01-04	PROVE: HOLDS or UNEARNED for a verified nova-work criterion; break the behaviour as described, run the named test on hulk outside the wall: does it move?	Emma	results/card-work4p-E06-F01-04/RESULT.md
card-work4p-E06-F02-03	work4p	qwen/qwen3.7-flash	RESULT work4p-E06-F02-03 sha=5298f6be12ea — nova-work E06-F02: does the green MOVE? criterion E06-F02-03: Maintain rolling 24-hour default window with at most t	PROVE: HOLDS or UNEARNED for a verified nova-work criterion; break the behaviour as described, run the named test on hulk outside the wall: does it move?	Emma	results/card-work4p-E06-F02-03/RESULT.md
card-work4p-E06-F03-02	work4p	-	RESULT: BLOCKED card-work4p-E06-F03-02	PROVE: HOLDS or UNEARNED for a verified nova-work criterion; break the behaviour as described, run the named test on hulk outside the wall: does it move?	Emma	results/card-work4p-E06-F03-02/RESULT.md
card-work4p-E06-F04-01	work4p	-	RESULT: BLOCKED card-work4p-E06-F04-01	PROVE: HOLDS or UNEARNED for a verified nova-work criterion; break the behaviour as described, run the named test on hulk outside the wall: does it move?	Emma	results/card-work4p-E06-F04-01/RESULT.md
card-work4p-E06-F05-02	work4p	-	RESULT: BLOCKED card-work4p-E06-F05-02	PROVE: HOLDS or UNEARNED for a verified nova-work criterion; break the behaviour as described, run the named test on hulk outside the wall: does it move?	Emma	results/card-work4p-E06-F05-02/RESULT.md
card-work4p-E06-F05-03	work4p	qwen/qwen3.7-flash	RESULT: BLOCKED card-work4p-E06-F05-03	PROVE: HOLDS or UNEARNED for a verified nova-work criterion; break the behaviour as described, run the named test on hulk outside the wall: does it move?	Emma	results/card-work4p-E06-F05-03/RESULT.md
card-work4p-E07-F01-01	work4p	-	RESULT: BLOCKED card-work4p-E07-F01-01	PROVE: HOLDS or UNEARNED for a verified nova-work criterion; break the behaviour as described, run the named test on hulk outside the wall: does it move?	Emma	results/card-work4p-E07-F01-01/RESULT.md
card-work4p-E07-F01-02	work4p	-	RESULT: BLOCKED card-work4p-E07-F01-02	PROVE: HOLDS or UNEARNED for a verified nova-work criterion; break the behaviour as described, run the named test on hulk outside the wall: does it move?	Emma	results/card-work4p-E07-F01-02/RESULT.md
card-work4p-E07-F04-03	work4p	deepseek-v4-flash	RESULT work4p-E07-F04-03 sha=5298f6be12ea — nova-work E07-F04: does the green MOVE? criterion E07-F04-03: Keep source support separate from qualified acceptance	PROVE: HOLDS or UNEARNED for a verified nova-work criterion; break the behaviour as described, run the named test on hulk outside the wall: does it move?	Emma	results/card-work4p-E07-F04-03/RESULT.md
card-work4p-E08-F02-02	work4p	-	RESULT: BLOCKED card-work4p-E08-F02-02	PROVE: HOLDS or UNEARNED for a verified nova-work criterion; break the behaviour as described, run the named test on hulk outside the wall: does it move?	Emma	results/card-work4p-E08-F02-02/RESULT.md
card-work4p-E08-F02-05	work4p	deepseek-v4-flash	RESULT work4p-E08-F02-05 sha=5298f6be12ea — nova-work E08-F02: does the green MOVE? criterion E08-F02-05: Support bounded read bundles at one captured revision 	PROVE: HOLDS or UNEARNED for a verified nova-work criterion; break the behaviour as described, run the named test on hulk outside the wall: does it move?	Emma	results/card-work4p-E08-F02-05/RESULT.md
card-work4p-E08-F02-09	work4p	-	RESULT: BLOCKED card-work4p-E08-F02-09	PROVE: HOLDS or UNEARNED for a verified nova-work criterion; break the behaviour as described, run the named test on hulk outside the wall: does it move?	Emma	results/card-work4p-E08-F02-09/RESULT.md
card-work4p-E08-F03-02	work4p	-	RESULT: BLOCKED card-work4p-E08-F03-02	PROVE: HOLDS or UNEARNED for a verified nova-work criterion; break the behaviour as described, run the named test on hulk outside the wall: does it move?	Emma	results/card-work4p-E08-F03-02/RESULT.md
card-work4p-E08-F03-04	work4p	-	RESULT: BLOCKED card-work4p-E08-F03-04	PROVE: HOLDS or UNEARNED for a verified nova-work criterion; break the behaviour as described, run the named test on hulk outside the wall: does it move?	Emma	results/card-work4p-E08-F03-04/RESULT.md
card-work4p-E11-F01-03	work4p	-	RESULT: BLOCKED card-work4p-E11-F01-03	PROVE: HOLDS or UNEARNED for a verified nova-work criterion; break the behaviour as described, run the named test on hulk outside the wall: does it move?	Emma	results/card-work4p-E11-F01-03/RESULT.md
card-work4p-E11-F01-06	work4p	deepseek/deepseek-v4-flash	RESULT: BLOCKED card-work4p-E11-F01-06	PROVE: HOLDS or UNEARNED for a verified nova-work criterion; break the behaviour as described, run the named test on hulk outside the wall: does it move?	Emma	results/card-work4p-E11-F01-06/RESULT.md
card-work4p-E11-F02-02	work4p	-	RESULT: BLOCKED card-work4p-E11-F02-02	PROVE: HOLDS or UNEARNED for a verified nova-work criterion; break the behaviour as described, run the named test on hulk outside the wall: does it move?	Emma	results/card-work4p-E11-F02-02/RESULT.md
card-work4p-E11-F02-04	work4p	deepseek/deepseek-v4-flash	RESULT: BLOCKED card-work4p-E11-F02-04	PROVE: HOLDS or UNEARNED for a verified nova-work criterion; break the behaviour as described, run the named test on hulk outside the wall: does it move?	Emma	results/card-work4p-E11-F02-04/RESULT.md
card-work4p-E11-F03-02	work4p	mercury-2.5	RESULT work4p-E11-F03-02 sha=5298f6be12ea — nova-work E11-F03: does the green MOVE? criterion E11-F03-02: applicable-cap-never-hides-a-deny: with more active no	PROVE: HOLDS or UNEARNED for a verified nova-work criterion; break the behaviour as described, run the named test on hulk outside the wall: does it move?	Emma	results/card-work4p-E11-F03-02/RESULT.md
card-work4p-E11-F03-03	work4p	-	RESULT work4p-E11-F03-03 sha=5298f6be12ea — nova-work E11-F03: does the green MOVE? criterion E11-F03-03: applicable-unknown-is-not-eligible: with no live sessi	PROVE: HOLDS or UNEARNED for a verified nova-work criterion; break the behaviour as described, run the named test on hulk outside the wall: does it move?	Emma	results/card-work4p-E11-F03-03/RESULT.md
card-work4p-E11-F03-04	work4p	qwen/qwen3.7-flash	RESULT: BLOCKED card-work4p-E11-F03-04	PROVE: HOLDS or UNEARNED for a verified nova-work criterion; break the behaviour as described, run the named test on hulk outside the wall: does it move?	Emma	results/card-work4p-E11-F03-04/RESULT.md
card-work4p-E11-F03-05	work4p	qwen/qwen3.7-flash	RESULT work4p-E11-F03-05 sha=5298f6be12ea — nova-work E11-F03: does the green MOVE? criterion E11-F03-05: narrative-does-not-filter: a note with prose and no :c	PROVE: HOLDS or UNEARNED for a verified nova-work criterion; break the behaviour as described, run the named test on hulk outside the wall: does it move?	Emma	results/card-work4p-E11-F03-05/RESULT.md
card-work4p-E11-F03-06	work4p	-	RESULT: BLOCKED card-work4p-E11-F03-06	PROVE: HOLDS or UNEARNED for a verified nova-work criterion; break the behaviour as described, run the named test on hulk outside the wall: does it move?	Emma	results/card-work4p-E11-F03-06/RESULT.md
card-work4p-E11-F04-01	work4p	-	RESULT: BLOCKED card-work4p-E11-F04-01	PROVE: HOLDS or UNEARNED for a verified nova-work criterion; break the behaviour as described, run the named test on hulk outside the wall: does it move?	Emma	results/card-work4p-E11-F04-01/RESULT.md
card-work4r2-E03-F03-23	work4r2	deepseek-v4-pro	RESULT work4r2-E03-F03-23 sha=5298f6be12ea — nova-work E03-F03 criterion E03-F03-23 (sexp id E03-F03-02): Record author, reason, scope revision and exact member	CRITERION implemented red-first: fetch the branch (work4/PRS.tsv), suite alone on hulk, then remove the behaviour: the new test must go red; refuse a constructor test.	Emma	results/card-work4r2-E03-F03-23/RESULT.md
card-work4r3-E02-F06-19	work4r3	deepseek-v4-pro	RESULT work4r3-E02-F06-19 sha=5298f6be12ea — nova-work E02-F06 criterion E02-F06-19 (sexp id E02-F06-03): Provide reproducible build/install and small startup/s	CRITERION implemented red-first: fetch the branch (work4/PRS.tsv), suite alone on hulk, then remove the behaviour: the new test must go red; refuse a constructor test.	Emma	results/card-work4r3-E02-F06-19/RESULT.md
card-work4r3-E09-F02-53	work4r3	deepseek-v4-pro	RESULT work4r3-E09-F02-53 sha=5298f6be12ea — nova-work E09-F02 criterion E09-F02-53 (sexp id E09-F02-03): Track pending, confirmed and failed outbound actions w	CRITERION implemented red-first: fetch the branch (work4/PRS.tsv), suite alone on hulk, then remove the behaviour: the new test must go red; refuse a constructor test.	Emma	results/card-work4r3-E09-F02-53/RESULT.md
card-work4r3-E10-F04-62	work4r3	deepseek-v4-pro	RESULT work4r3-E10-F04-62 sha=5298f6be12ea — nova-work E10-F04 criterion E10-F04-62 (sexp id E10-F04-01): Orchestrate process-level runs against temporary remot	CRITERION implemented red-first: fetch the branch (work4/PRS.tsv), suite alone on hulk, then remove the behaviour: the new test must go red; refuse a constructor test.	Emma	results/card-work4r3-E10-F04-62/RESULT.md
card-work4r3-E10-F07-68	work4r3	deepseek-v4-pro	RESULT work4r3-E10-F07-68 sha=5298f6be12ea — nova-work E10-F07 criterion E10-F07-68 (sexp id E10-F07-03): Support session start --repair only when findings stri	CRITERION implemented red-first: fetch the branch (work4/PRS.tsv), suite alone on hulk, then remove the behaviour: the new test must go red; refuse a constructor test.	Emma	results/card-work4r3-E10-F07-68/RESULT.md
card-work4r3-E11-F05-72	work4r3	deepseek-v4-pro	RESULT work4r3-E11-F05-72 sha=5298f6be12ea — nova-work E11-F05 criterion E11-F05-72 (sexp id E11-F05-03): no-receipt-of-receipt: a worker returns one structured	CRITERION implemented red-first: fetch the branch (work4/PRS.tsv), suite alone on hulk, then remove the behaviour: the new test must go red; refuse a constructor test.	Emma	results/card-work4r3-E11-F05-72/RESULT.md
card-work4s-E02-F06-03	work4s	mercury-2.5	RESULT work4s-E02-F06-03 sha=5298f6be12ea — nova-work E02-F06: does the contract say it? criterion E02-F06-03: Provide reproducible build/install and small star	SPECLINE: criterion tied to a SPEC-WORK line; is the line right and the reading right?	Emma	results/card-work4s-E02-F06-03/RESULT.md
card-work4s-E02-F07-03	work4s	deepseek-v4-flash	RESULT work4s-E02-F07-03 sha=5298f6be12ea — nova-work E02-F07: does the contract say it? criterion E02-F07-03: Derive who, stale, expired and handoffs views fro	SPECLINE: criterion tied to a SPEC-WORK line; is the line right and the reading right?	Emma	results/card-work4s-E02-F07-03/RESULT.md
card-work4s-E02-F07-04	work4s	-	RESULT: BLOCKED card-work4s-E02-F07-04	SPECLINE: criterion tied to a SPEC-WORK line; is the line right and the reading right?	Emma	results/card-work4s-E02-F07-04/RESULT.md
card-work4s-E03-F01-02	work4s	deepseek/deepseek-v4-flash	RESULT work4s-E03-F01-02 sha=5298f6be12ea — nova-work E03-F01: does the contract say it? criterion E03-F01-02: Validate multi-node changes all-or-none	SPECLINE: criterion tied to a SPEC-WORK line; is the line right and the reading right?	Emma	results/card-work4s-E03-F01-02/RESULT.md
card-work4s-E03-F01-03	work4s	-	RESULT: BLOCKED card-work4s-E03-F01-03	SPECLINE: criterion tied to a SPEC-WORK line; is the line right and the reading right?	Emma	results/card-work4s-E03-F01-03/RESULT.md
card-work4s-E03-F02-01	work4s	qwen/qwen3.7-flash	RESULT work4s-E03-F02-01 sha=5298f6be12ea — nova-work E03-F02: does the contract say it? criterion E03-F02-01: Support add, metadata edit, move/reparent, decomp	SPECLINE: criterion tied to a SPEC-WORK line; is the line right and the reading right?	Emma	results/card-work4s-E03-F02-01/RESULT.md
card-work4s-E03-F02-02	work4s	-	RESULT: BLOCKED card-work4s-E03-F02-02	SPECLINE: criterion tied to a SPEC-WORK line; is the line right and the reading right?	Emma	results/card-work4s-E03-F02-02/RESULT.md
card-work4s-E03-F02-03	work4s	-	RESULT: BLOCKED card-work4s-E03-F02-03	SPECLINE: criterion tied to a SPEC-WORK line; is the line right and the reading right?	Emma	results/card-work4s-E03-F02-03/RESULT.md
card-work4s-E03-F03-01	work4s	qwen/qwen3.7-flash	RESULT work4s-E03-F03-01 sha=5298f6be12ea — nova-work E03-F03: does the contract say it? criterion E03-F03-01: Support baseline, discovery, require, dependency 	SPECLINE: criterion tied to a SPEC-WORK line; is the line right and the reading right?	Emma	results/card-work4s-E03-F03-01/RESULT.md
card-work4s-E03-F03-03	work4s	deepseek/deepseek-v4-flash	RESULT work4s-E03-F03-03 sha=5298f6be12ea — nova-work E03-F03: does the contract say it? criterion E03-F03-03: Keep shared prerequisites singly owned and refere	SPECLINE: criterion tied to a SPEC-WORK line; is the line right and the reading right?	Emma	results/card-work4s-E03-F03-03/RESULT.md
card-work4s-E03-F04-01	work4s	deepseek/deepseek-v4-flash	RESULT work4s-E03-F04-01 sha=5298f6be12ea — nova-work E03-F04: does the contract say it? criterion E03-F04-01: Support evidence-guarded state transitions includ	SPECLINE: criterion tied to a SPEC-WORK line; is the line right and the reading right?	Emma	results/card-work4s-E03-F04-01/RESULT.md
card-work4s-E03-F04-02	work4s	mercury-2.5	RESULT work4s-E03-F04-02 sha=5298f6be12ea — nova-work E03-F04: does the contract say it? criterion E03-F04-02: Bump task generation on correction and invalidate	SPECLINE: criterion tied to a SPEC-WORK line; is the line right and the reading right?	Emma	results/card-work4s-E03-F04-02/RESULT.md
card-work4s-E03-F04-03	work4s	mercury-2.5	RESULT work4s-E03-F04-03 sha=5298f6be12ea — nova-work E03-F04: does the contract say it? criterion E03-F04-03: Keep reopen, pause and stop as durable events	SPECLINE: criterion tied to a SPEC-WORK line; is the line right and the reading right?	Emma	results/card-work4s-E03-F04-03/RESULT.md
card-work4s-E03-F04-04	work4s	-	RESULT: BLOCKED card-work4s-E03-F04-04	SPECLINE: criterion tied to a SPEC-WORK line; is the line right and the reading right?	Emma	results/card-work4s-E03-F04-04/RESULT.md
card-work4s-E03-F05-03	work4s	deepseek-v4-flash	RESULT work4s-E03-F05-03 sha=5298f6be12ea — nova-work E03-F05: does the contract say it? criterion E03-F05-03: Preserve original history and refuse irreversible	SPECLINE: criterion tied to a SPEC-WORK line; is the line right and the reading right?	Emma	results/card-work4s-E03-F05-03/RESULT.md
card-work4s-E04-F01-01	work4s	-	RESULT: BLOCKED card-work4s-E04-F01-01	SPECLINE: criterion tied to a SPEC-WORK line; is the line right and the reading right?	Emma	results/card-work4s-E04-F01-01/RESULT.md
card-work4s-E04-F01-02	work4s	qwen/qwen3.7-flash	RESULT work4s-E04-F01-02 sha=5298f6be12ea — nova-work E04-F01: does the contract say it? criterion E04-F01-02: Count canonical IDs once and exclude references, 	SPECLINE: criterion tied to a SPEC-WORK line; is the line right and the reading right?	Emma	results/card-work4s-E04-F01-02/RESULT.md
card-work4s-E04-F01-03	work4s	qwen/qwen3.7-flash	RESULT work4s-E04-F01-03 sha=5298f6be12ea — nova-work E04-F01: does the contract say it? criterion E04-F01-03: Label features, leaves and member grains with rev	SPECLINE: criterion tied to a SPEC-WORK line; is the line right and the reading right?	Emma	results/card-work4s-E04-F01-03/RESULT.md
card-work4s-E04-F02-01	work4s	qwen/qwen3.7-flash	RESULT work4s-E04-F02-01 sha=5298f6be12ea — nova-work E04-F02: does the contract say it? criterion E04-F02-01: Compute green feature cells over applicable rows 	SPECLINE: criterion tied to a SPEC-WORK line; is the line right and the reading right?	Emma	results/card-work4s-E04-F02-01/RESULT.md
card-work4s-E04-F02-02	work4s	-	RESULT: BLOCKED card-work4s-E04-F02-02	SPECLINE: criterion tied to a SPEC-WORK line; is the line right and the reading right?	Emma	results/card-work4s-E04-F02-02/RESULT.md
card-work4s-E04-F02-03	work4s	deepseek-v4-flash	RESULT work4s-E04-F02-03 sha=5298f6be12ea — nova-work E04-F02: does the contract say it? criterion E04-F02-03: Print completed required leaves as k/n and never 	SPECLINE: criterion tied to a SPEC-WORK line; is the line right and the reading right?	Emma	results/card-work4s-E04-F02-03/RESULT.md
card-work4s-E04-F03-01	work4s	deepseek/deepseek-v4-flash	RESULT work4s-E04-F03-01 sha=5298f6be12ea — nova-work E04-F03: does the contract say it? criterion E04-F03-01: Keep baseline, discovery, deferred, cancelled and	SPECLINE: criterion tied to a SPEC-WORK line; is the line right and the reading right?	Emma	results/card-work4s-E04-F03-01/RESULT.md
card-work4s-E04-F03-02	work4s	deepseek-v4-flash	RESULT work4s-E04-F03-02 sha=5298f6be12ea — nova-work E04-F03: does the contract say it? criterion E04-F03-02: Report open plus closed totals without double mem	SPECLINE: criterion tied to a SPEC-WORK line; is the line right and the reading right?	Emma	results/card-work4s-E04-F03-02/RESULT.md
card-work4s-E04-F03-03	work4s	deepseek-v4-flash	RESULT work4s-E04-F03-03 sha=5298f6be12ea — nova-work E04-F03: does the contract say it? criterion E04-F03-03: Report closed-in, settles-in and revives-in for w	SPECLINE: criterion tied to a SPEC-WORK line; is the line right and the reading right?	Emma	results/card-work4s-E04-F03-03/RESULT.md
card-work4s-E04-F04-01	work4s	deepseek/deepseek-v4-flash	RESULT work4s-E04-F04-01 sha=5298f6be12ea — nova-work E04-F04: does the contract say it? criterion E04-F04-01: Build and incrementally update indexes for IDs, c	SPECLINE: criterion tied to a SPEC-WORK line; is the line right and the reading right?	Emma	results/card-work4s-E04-F04-01/RESULT.md
card-work4s-E04-F04-02	work4s	mercury-2.5	RESULT work4s-E04-F04-02 sha=5298f6be12ea — nova-work E04-F04: does the contract say it? criterion E04-F04-02: Provide bounded focus, subtree, category, ready a	SPECLINE: criterion tied to a SPEC-WORK line; is the line right and the reading right?	Emma	results/card-work4s-E04-F04-02/RESULT.md
card-work4s-E04-F04-03	work4s	mercury-2.5	RESULT work4s-E04-F04-03 sha=5298f6be12ea — nova-work E04-F04: does the contract say it? criterion E04-F04-03: Avoid materialized transitive descendant sets and	SPECLINE: criterion tied to a SPEC-WORK line; is the line right and the reading right?	Emma	results/card-work4s-E04-F04-03/RESULT.md
card-work4s-E04-F04-04	work4s	qwen/qwen3.7-flash	RESULT work4s-E04-F04-04 sha=5298f6be12ea — nova-work E04-F04: does the contract say it? criterion E04-F04-04: Maintain eager W membership, its counter and per-	SPECLINE: criterion tied to a SPEC-WORK line; is the line right and the reading right?	Emma	results/card-work4s-E04-F04-04/RESULT.md
card-work4s-E04-F05-01	work4s	qwen/qwen3.7-flash	RESULT work4s-E04-F05-01 sha=5298f6be12ea — nova-work E04-F05: does the contract say it? criterion E04-F05-01: Resolve settled dependencies and closed rows thro	SPECLINE: criterion tied to a SPEC-WORK line; is the line right and the reading right?	Emma	results/card-work4s-E04-F05-01/RESULT.md
card-work4s-E04-F05-02	work4s	deepseek/deepseek-v4-flash	RESULT work4s-E04-F05-02 sha=5298f6be12ea — nova-work E04-F05: does the contract say it? criterion E04-F05-02: Distinguish absent days, missing segments and una	SPECLINE: criterion tied to a SPEC-WORK line; is the line right and the reading right?	Emma	results/card-work4s-E04-F05-02/RESULT.md
card-work4s-E04-F05-03	work4s	deepseek-v4-flash	RESULT work4s-E04-F05-03 sha=5298f6be12ea — nova-work E04-F05: does the contract say it? criterion E04-F05-03: Return gap, provenance or refusal rather than fab	SPECLINE: criterion tied to a SPEC-WORK line; is the line right and the reading right?	Emma	results/card-work4s-E04-F05-03/RESULT.md
card-work4s-E04-F06-01	work4s	qwen/qwen3.7-flash	RESULT work4s-E04-F06-01 sha=5298f6be12ea — nova-work E04-F06: does the contract say it? criterion E04-F06-01: Answer --at <revision> over O by replaying retain	SPECLINE: criterion tied to a SPEC-WORK line; is the line right and the reading right?	Emma	results/card-work4s-E04-F06-01/RESULT.md
card-work4s-E04-F06-03	work4s	qwen/qwen3.7-flash	RESULT work4s-E04-F06-03 sha=5298f6be12ea — nova-work E04-F06: does the contract say it? criterion E04-F06-03: Keep historical O answers separate from indexed C	SPECLINE: criterion tied to a SPEC-WORK line; is the line right and the reading right?	Emma	results/card-work4s-E04-F06-03/RESULT.md
card-work4s-E05-F01-01	work4s	deepseek/deepseek-v4-flash	RESULT work4s-E05-F01-01 sha=5298f6be12ea — nova-work E05-F01: does the contract say it? criterion E05-F01-01: Bind pointer, criterion, against revision and gen	SPECLINE: criterion tied to a SPEC-WORK line; is the line right and the reading right?	Emma	results/card-work4s-E05-F01-01/RESULT.md
card-work4s-E05-F01-02	work4s	mercury-2.5	RESULT work4s-E05-F01-02 sha=5298f6be12ea — nova-work E05-F01: does the contract say it? criterion E05-F01-02: Require matching criterion kind, exact subject an	SPECLINE: criterion tied to a SPEC-WORK line; is the line right and the reading right?	Emma	results/card-work4s-E05-F01-02/RESULT.md
card-work4s-E05-F01-03	work4s	mercury-2.5	RESULT work4s-E05-F01-03 sha=5298f6be12ea — nova-work E05-F01: does the contract say it? criterion E05-F01-03: Make correction generation invalidate prior quali	SPECLINE: criterion tied to a SPEC-WORK line; is the line right and the reading right?	Emma	results/card-work4s-E05-F01-03/RESULT.md
card-work4s-E05-F02-01	work4s	mercury-2.5	RESULT work4s-E05-F02-01 sha=5298f6be12ea — nova-work E05-F02: does the contract say it? criterion E05-F02-01: Verify every evidence event, including those not 	SPECLINE: criterion tied to a SPEC-WORK line; is the line right and the reading right?	Emma	results/card-work4s-E05-F02-01/RESULT.md
card-work4s-E05-F02-03	work4s	deepseek/deepseek-v4-flash	RESULT work4s-E05-F02-03 sha=5298f6be12ea — nova-work E05-F02: does the contract say it? criterion E05-F02-03: Keep test, job, merged and attested proof distinc	SPECLINE: criterion tied to a SPEC-WORK line; is the line right and the reading right?	Emma	results/card-work4s-E05-F02-03/RESULT.md
card-work4s-E05-F03-01	work4s	deepseek-v4-flash	RESULT work4s-E05-F03-01 sha=5298f6be12ea — nova-work E05-F03: does the contract say it? criterion E05-F03-01: Record exact-revision reviewer findings and autho	SPECLINE: criterion tied to a SPEC-WORK line; is the line right and the reading right?	Emma	results/card-work4s-E05-F03-01/RESULT.md
card-work4s-E05-F03-02	work4s	qwen/qwen3.7-flash	RESULT work4s-E05-F03-02 sha=5298f6be12ea — nova-work E05-F03: does the contract say it? criterion E05-F03-02: Support attested criteria with reviewer identity 	SPECLINE: criterion tied to a SPEC-WORK line; is the line right and the reading right?	Emma	results/card-work4s-E05-F03-02/RESULT.md
card-work4s-E05-F03-04	work4s	mercury-2.5	RESULT work4s-E05-F03-04 sha=5298f6be12ea — nova-work E05-F03: does the contract say it? criterion E05-F03-04: reuse-only-valid-review: reuse a review only for 	SPECLINE: criterion tied to a SPEC-WORK line; is the line right and the reading right?	Emma	results/card-work4s-E05-F03-04/RESULT.md
card-work4s-E05-F04-01	work4s	deepseek-v4-flash	RESULT work4s-E05-F04-01 sha=5298f6be12ea — nova-work E05-F04: does the contract say it? criterion E05-F04-01: Require prerequisite dependencies and acceptance 	SPECLINE: criterion tied to a SPEC-WORK line; is the line right and the reading right?	Emma	results/card-work4s-E05-F04-01/RESULT.md
card-work4s-E05-F04-02	work4s	qwen/qwen3.7-flash	RESULT work4s-E05-F04-02 sha=5298f6be12ea — nova-work E05-F04: does the contract say it? criterion E05-F04-02: Keep merged fix, verified behavior and published 	SPECLINE: criterion tied to a SPEC-WORK line; is the line right and the reading right?	Emma	results/card-work4s-E05-F04-02/RESULT.md
card-work4s-E05-F04-03	work4s	qwen/qwen3.7-flash	RESULT work4s-E05-F04-03 sha=5298f6be12ea — nova-work E05-F04: does the contract say it? criterion E05-F04-03: Resolve release version through the release task 	SPECLINE: criterion tied to a SPEC-WORK line; is the line right and the reading right?	Emma	results/card-work4s-E05-F04-03/RESULT.md
card-work4s-E05-F05-01	work4s	mercury-2.5	RESULT work4s-E05-F05-01 sha=5298f6be12ea — nova-work E05-F05: does the contract say it? criterion E05-F05-01: Use independent oracle/comparator and deliberatel	SPECLINE: criterion tied to a SPEC-WORK line; is the line right and the reading right?	Emma	results/card-work4s-E05-F05-01/RESULT.md
card-work4s-E05-F06-02	work4s	deepseek-v4-flash	RESULT work4s-E05-F06-02 sha=5298f6be12ea — nova-work E05-F06: does the contract say it? criterion E05-F06-02: Enforce max-fetch, fetch-timeout and offline beha	SPECLINE: criterion tied to a SPEC-WORK line; is the line right and the reading right?	Emma	results/card-work4s-E05-F06-02/RESULT.md
card-work4s-E05-F06-03	work4s	deepseek-v4-flash	RESULT work4s-E05-F06-03 sha=5298f6be12ea — nova-work E05-F06: does the contract say it? criterion E05-F06-03: Cache by pointer, subject and resolver identity, 	SPECLINE: criterion tied to a SPEC-WORK line; is the line right and the reading right?	Emma	results/card-work4s-E05-F06-03/RESULT.md
card-work4s-E06-F01-02	work4s	deepseek/deepseek-v4-flash	RESULT work4s-E06-F01-02 sha=5298f6be12ea — nova-work E06-F01: does the contract say it? criterion E06-F01-02: Create validated snapshots with schema, revision,	SPECLINE: criterion tied to a SPEC-WORK line; is the line right and the reading right?	Emma	results/card-work4s-E06-F01-02/RESULT.md
card-work4s-E06-F01-03	work4s	deepseek-v4-flash	RESULT work4s-E06-F01-03 sha=5298f6be12ea — nova-work E06-F01: does the contract say it? criterion E06-F01-03: Expose local/shared revision, age, unshared work 	SPECLINE: criterion tied to a SPEC-WORK line; is the line right and the reading right?	Emma	results/card-work4s-E06-F01-03/RESULT.md
card-work4s-E06-F01-04	work4s	qwen/qwen3.7-flash	RESULT work4s-E06-F01-04 sha=5298f6be12ea — nova-work E06-F01: does the contract say it? criterion E06-F01-04: Keep prior verified snapshots and protect accepte	SPECLINE: criterion tied to a SPEC-WORK line; is the line right and the reading right?	Emma	results/card-work4s-E06-F01-04/RESULT.md
card-work4s-E06-F02-03	work4s	deepseek-v4-flash	RESULT work4s-E06-F02-03 sha=5298f6be12ea — nova-work E06-F02: does the contract say it? criterion E06-F02-03: Maintain rolling 24-hour default window with at m	SPECLINE: criterion tied to a SPEC-WORK line; is the line right and the reading right?	Emma	results/card-work4s-E06-F02-03/RESULT.md
